loan_amount,interest_rate,loan_term_months,income,debt_to_income_ratio,credit_score,age,years_of_education,num_credit_accounts,employment_length,loan_default,education_level
17865.15,6.93,72.0,56352.78,0.3738,520.0,49.0,16.0,6.0,17.0,1,Master's
23891.51,6.73,72.0,81680.25,0.2921,517.0,45.0,15.0,4.0,18.0,1,Bachelor's
21755.29,6.75,72.0,66142.37,0.441,602.0,40.0,15.0,6.0,11.0,1,Bachelor's
22603.34,6.18,72.0,78753.2,0.3901,688.0,45.0,16.0,4.0,4.0,1,Master's
24432.53,9.1,48.0,57878.45,0.3283,460.0,46.0,15.0,4.0,18.0,1,Bachelor's
46336.48,8.33,84.0,71793.17,0.3339,586.0,37.0,16.0,3.0,15.0,1,Master's
5000.0,5.95,72.0,91482.05,0.2452,519.0,44.0,16.0,3.0,21.0,1,Master's
22276.51,6.11,60.0,,0.3032,631.0,38.0,,4.0,15.0,0,Bachelor's
23291.12,6.71,60.0,81012.29,0.2897,627.0,37.0,17.0,3.0,13.0,1,Master's
38818.07,11.19,36.0,41433.06,0.5417,388.0,53.0,17.0,6.0,10.0,1,Master's
34939.45,7.1,72.0,83771.39,0.4793,408.0,35.0,13.0,6.0,21.0,0,Some College
22393.26,7.56,48.0,63318.34,0.3585,521.0,48.0,14.0,5.0,14.0,1,Bachelor's
40019.12,8.12,48.0,72618.37,0.384,518.0,40.0,16.0,4.0,14.0,1,Master's
25869.36,8.67,96.0,96324.56,0.2698,544.0,50.0,17.0,1.0,12.0,0,Master's
19100.94,7.48,84.0,89229.92,0.3021,685.0,50.0,16.0,1.0,3.0,0,Master's
48809.42,5.9,72.0,68221.58,0.4459,717.0,36.0,14.0,5.0,5.0,0,Bachelor's
25642.8,8.34,84.0,84638.95,0.3874,572.0,42.0,14.0,3.0,10.0,0,
27980.92,5.64,60.0,65919.43,0.2858,707.0,27.0,14.0,5.0,16.0,0,Bachelor's
27725.18,7.36,60.0,58331.49,0.4021,562.0,41.0,17.0,6.0,14.0,0,Master's
17698.54,7.2,72.0,65054.58,0.4501,607.0,32.0,13.0,6.0,13.0,1,Some College
23208.91,7.55,48.0,85740.68,0.4394,450.0,35.0,14.0,5.0,17.0,1,Bachelor's
28355.07,6.52,72.0,70045.62,0.2809,732.0,51.0,17.0,3.0,4.0,0,Master's
34931.4,8.84,72.0,96043.91,0.4047,560.0,34.0,16.0,2.0,8.0,1,Master's
39283.51,6.63,72.0,62927.0,0.3884,533.0,45.0,15.0,6.0,17.0,0,
38854.98,6.51,72.0,59293.53,0.3827,632.0,45.0,17.0,5.0,11.0,0,Master's
31415.78,7.71,108.0,81702.07,0.306,692.0,43.0,14.0,2.0,8.0,0,Bachelor's
26895.55,8.18,84.0,76317.54,0.3958,528.0,42.0,17.0,4.0,14.0,0,Master's
37775.77,7.1,72.0,76887.75,0.3986,554.0,45.0,16.0,4.0,12.0,0,Master's
14517.26,5.58,36.0,67968.77,0.2452,621.0,44.0,13.0,4.0,15.0,0,Some College
31370.61,6.62,72.0,89457.26,0.3996,539.0,38.0,17.0,4.0,14.0,0,Master's
37039.59,7.74,60.0,82149.76,0.2821,498.0,43.0,14.0,3.0,18.0,0,
32781.88,8.98,36.0,71453.21,0.2959,474.0,42.0,15.0,3.0,17.0,1,Bachelor's
25180.57,9.58,84.0,73861.18,0.4421,610.0,31.0,16.0,3.0,8.0,0,Master's
36554.76,8.18,96.0,81502.34,0.3549,600.0,44.0,17.0,3.0,10.0,0,Master's
26868.45,6.42,60.0,80377.05,0.3014,687.0,34.0,16.0,3.0,9.0,0,Master's
13677.69,8.77,84.0,76538.56,0.308,516.0,35.0,13.0,3.0,19.0,1,Some College
21209.66,9.56,48.0,62888.46,0.3107,489.0,40.0,14.0,3.0,18.0,1,Bachelor's
42174.19,10.06,72.0,82937.06,0.3439,510.0,35.0,14.0,2.0,14.0,1,Bachelor's
35793.55,7.7,72.0,90766.95,0.3547,538.0,35.0,18.0,3.0,14.0,1,Doctorate
29720.95,8.85,48.0,62554.09,0.3553,464.0,47.0,16.0,4.0,16.0,1,Master's
30781.2,7.34,84.0,68462.75,0.3568,596.0,44.0,14.0,4.0,13.0,1,Bachelor's
28088.07,9.24,72.0,74092.46,0.3819,598.0,34.0,17.0,3.0,10.0,1,Master's
33971.27,6.39,60.0,69910.9,0.261,623.0,34.0,16.0,4.0,18.0,0,Master's
26156.3,6.81,60.0,63996.7,0.3196,661.0,34.0,15.0,4.0,13.0,0,Bachelor's
33842.59,5.98,72.0,80488.03,0.4408,551.0,38.0,18.0,6.0,14.0,1,Doctorate
19074.36,6.28,72.0,64936.49,0.5822,414.0,51.0,16.0,9.0,15.0,1,Master's
29938.77,6.69,84.0,82639.6,0.3673,578.0,41.0,17.0,4.0,13.0,1,Master's
39432.05,4.11,84.0,77910.0,0.5117,457.0,45.0,15.0,9.0,21.0,1,
40869.4,7.15,72.0,58822.93,0.4629,509.0,42.0,16.0,7.0,16.0,0,Master's
17377.39,5.07,72.0,83866.71,0.2285,638.0,39.0,14.0,4.0,17.0,0,Bachelor's
25485.59,4.54,72.0,72114.32,0.4082,495.0,51.0,18.0,7.0,19.0,1,Doctorate
31729.39,7.07,48.0,77770.41,0.2828,405.0,49.0,15.0,5.0,23.0,1,Bachelor's
25496.49,9.55,60.0,87259.03,0.4338,498.0,38.0,16.0,3.0,10.0,1,Master's
29050.02,7.11,72.0,82147.78,0.47,439.0,44.0,17.0,6.0,16.0,0,Master's
27573.78,4.37,48.0,77739.05,0.2863,819.0,32.0,15.0,4.0,5.0,1,Bachelor's
19813.5,7.86,60.0,61839.51,,668.0,36.0,19.0,4.0,8.0,0,Doctorate
15346.58,5.97,60.0,60402.9,0.3602,596.0,51.0,16.0,6.0,12.0,0,Master's
23602.17,9.34,48.0,60503.86,0.3284,481.0,41.0,17.0,4.0,18.0,1,Master's
38313.06,8.27,48.0,120000.0,0.2475,403.0,37.0,12.0,1.0,20.0,1,Some College
26933.93,8.24,96.0,80115.53,0.3815,527.0,44.0,14.0,3.0,14.0,0,Bachelor's
32537.27,7.94,60.0,105102.04,0.3734,510.0,41.0,14.0,2.0,10.0,1,Bachelor's
30253.38,8.14,60.0,66457.76,0.3683,514.0,42.0,14.0,5.0,16.0,1,Bachelor's
41399.17,6.02,60.0,59563.69,0.2696,661.0,36.0,20.0,5.0,17.0,0,Doctorate
31235.11,10.22,36.0,53139.49,0.3943,394.0,46.0,16.0,5.0,18.0,1,Master's
34886.53,7.81,72.0,91672.58,0.4037,556.0,40.0,17.0,3.0,10.0,1,Master's
31135.87,8.69,48.0,54994.33,0.3702,498.0,53.0,18.0,,12.0,1,Doctorate
29367.54,7.69,84.0,,0.4439,533.0,44.0,13.0,4.0,10.0,0,Some College
22671.89,6.41,72.0,78023.25,0.3081,626.0,33.0,15.0,4.0,16.0,0,Bachelor's
29180.2,8.3,60.0,72957.79,0.317,535.0,42.0,17.0,3.0,14.0,0,Master's
22090.22,7.31,72.0,75870.49,0.3718,,45.0,16.0,4.0,14.0,0,Master's
47984.05,7.41,60.0,104200.46,0.2434,493.0,40.0,16.0,2.0,18.0,1,Master's
34569.01,5.12,60.0,68326.41,0.3988,683.0,43.0,15.0,6.0,7.0,0,Bachelor's
,7.82,60.0,64123.21,0.3482,601.0,37.0,13.0,4.0,13.0,0,Some College
31762.54,,48.0,89482.17,0.2819,466.0,44.0,17.0,4.0,20.0,1,Master's
38242.76,6.91,84.0,67659.6,0.364,577.0,45.0,17.0,5.0,14.0,0,Master's
20732.2,5.28,72.0,94044.5,0.3012,550.0,48.0,16.0,4.0,15.0,1,Master's
35503.32,8.68,72.0,69174.24,0.4309,441.0,42.0,15.0,5.0,18.0,0,Bachelor's
38489.79,5.77,60.0,80505.54,0.1766,427.0,49.0,14.0,4.0,30.0,1,Bachelor's
15699.28,8.99,72.0,76052.8,0.4187,511.0,42.0,14.0,4.0,12.0,1,Bachelor's
26258.34,8.45,72.0,76499.0,0.4169,575.0,37.0,16.0,4.0,10.0,1,Master's
23483.86,6.94,60.0,73869.78,0.4733,416.0,45.0,16.0,7.0,18.0,1,Master's
41252.78,7.21,72.0,63426.19,0.3731,689.0,37.0,20.0,4.0,8.0,0,Doctorate
24011.94,8.7,60.0,74103.96,0.3661,568.0,36.0,13.0,3.0,12.0,0,Some College
35177.11,8.74,84.0,80210.43,0.4543,403.0,41.0,16.0,5.0,20.0,1,Master's
13350.88,6.77,60.0,69391.59,0.3992,611.0,43.0,15.0,5.0,9.0,0,Bachelor's
22968.74,7.26,60.0,76105.31,0.2911,538.0,39.0,,4.0,18.0,0,Master's
22995.91,7.48,72.0,70615.58,0.4104,570.0,40.0,16.0,5.0,12.0,0,Master's
24189.41,5.05,60.0,,0.259,587.0,53.0,16.0,4.0,15.0,1,Master's
28280.68,7.76,72.0,84780.85,0.2494,492.0,43.0,16.0,3.0,20.0,1,Master's
27440.46,6.62,36.0,92985.97,0.255,610.0,45.0,15.0,2.0,8.0,0,Bachelor's
41476.39,6.38,60.0,78780.18,0.313,687.0,33.0,13.0,3.0,10.0,0,Some College
29992.11,5.98,48.0,99457.37,0.2213,597.0,39.0,13.0,2.0,14.0,0,Some College
18693.18,4.46,72.0,71485.37,0.3318,697.0,50.0,15.0,5.0,8.0,0,Bachelor's
35230.05,5.34,72.0,91454.64,0.4114,683.0,42.0,17.0,4.0,4.0,0,Master's
24753.69,7.68,84.0,71800.41,0.3182,716.0,44.0,15.0,2.0,5.0,0,Bachelor's
38985.64,7.89,60.0,98642.85,0.2636,475.0,46.0,16.0,2.0,16.0,1,Master's
20234.76,7.53,48.0,84547.13,,545.0,38.0,17.0,3.0,16.0,0,Master's
20568.82,5.47,84.0,68123.94,0.3675,611.0,50.0,20.0,5.0,13.0,1,Doctorate
32593.53,6.32,72.0,,0.2751,480.0,47.0,15.0,3.0,19.0,1,Bachelor's
23925.11,6.59,84.0,66617.2,0.4145,588.0,39.0,11.0,6.0,14.0,0,High School
25759.57,5.75,84.0,68198.57,0.3029,570.0,44.0,,5.0,20.0,1,Doctorate
39660.94,6.77,60.0,74257.84,0.5201,415.0,46.0,19.0,7.0,16.0,1,Doctorate
29926.88,6.76,72.0,103289.71,0.3123,495.0,45.0,18.0,3.0,15.0,1,Doctorate
33526.84,9.22,72.0,83126.04,0.3428,556.0,31.0,17.0,2.0,14.0,1,Master's
15416.36,4.83,84.0,82879.49,0.3474,623.0,45.0,17.0,5.0,13.0,1,Master's
21761.17,7.66,48.0,66531.55,0.3328,527.0,48.0,15.0,4.0,14.0,1,Bachelor's
40045.13,6.45,72.0,73773.82,0.4709,503.0,37.0,15.0,6.0,17.0,0,Bachelor's
35931.36,8.27,48.0,,0.3417,596.0,41.0,15.0,3.0,8.0,0,Bachelor's
29138.92,6.72,72.0,56426.36,0.3212,541.0,47.0,13.0,6.0,20.0,1,Some College
36046.1,4.29,72.0,88347.94,0.4045,534.0,44.0,13.0,6.0,16.0,1,Some College
38005.03,6.95,72.0,91342.72,0.2774,532.0,42.0,17.0,3.0,17.0,1,Master's
29342.91,9.34,96.0,86312.09,0.3921,438.0,43.0,16.0,3.0,17.0,0,Master's
20507.03,4.77,84.0,72770.16,0.2776,559.0,51.0,17.0,5.0,20.0,1,Master's
23945.21,7.56,72.0,78572.84,0.3264,608.0,32.0,14.0,3.0,14.0,0,Bachelor's
5602.29,5.2,72.0,71414.57,0.268,638.0,46.0,15.0,4.0,15.0,1,Bachelor's
31670.97,5.26,72.0,81696.09,0.2907,518.0,51.0,14.0,5.0,20.0,1,Bachelor's
30279.88,6.19,48.0,99875.71,0.2348,590.0,36.0,16.0,2.0,15.0,0,Master's
27843.23,5.61,72.0,,0.2975,738.0,46.0,14.0,3.0,5.0,0,Bachelor's
30393.56,6.32,84.0,70554.89,0.2893,514.0,49.0,15.0,5.0,21.0,1,Bachelor's
26130.8,7.81,48.0,73437.07,0.3656,664.0,35.0,14.0,3.0,6.0,0,Bachelor's
39728.46,6.84,72.0,89126.77,0.2756,502.0,43.0,17.0,3.0,20.0,1,Master's
26908.42,8.42,60.0,95488.05,0.1931,441.0,39.0,15.0,1.0,24.0,1,Bachelor's
29156.88,6.99,84.0,78757.03,0.299,563.0,,15.0,4.0,20.0,0,Bachelor's
33579.81,7.52,48.0,59544.12,0.2991,482.0,55.0,18.0,5.0,17.0,1,Doctorate
28052.71,8.29,96.0,77411.62,0.3384,576.0,46.0,15.0,3.0,11.0,0,Bachelor's
25570.48,5.31,60.0,72799.27,0.3368,617.0,46.0,16.0,,12.0,0,Master's
29668.78,6.3,60.0,75855.03,0.2892,631.0,36.0,16.0,4.0,14.0,0,Master's
23734.57,8.73,60.0,47851.13,0.3981,477.0,50.0,15.0,6.0,16.0,1,Bachelor's
,7.49,84.0,63101.98,0.3281,670.0,47.0,16.0,4.0,8.0,0,Master's
25598.39,8.2,96.0,75695.6,,583.0,43.0,16.0,3.0,11.0,0,Master's
23595.71,6.39,72.0,75437.32,0.3947,633.0,41.0,17.0,5.0,9.0,0,Master's
30885.49,6.04,,61251.67,0.2637,519.0,58.0,17.0,5.0,18.0,1,Master's
14338.33,7.74,72.0,70622.15,0.4058,544.0,43.0,16.0,5.0,13.0,0,Master's
43998.69,7.89,48.0,66038.33,0.451,,45.0,17.0,6.0,16.0,1,Master's
34881.68,6.0,72.0,82482.9,0.3518,539.0,,16.0,5.0,14.0,1,Master's
20501.66,5.81,48.0,100357.32,,546.0,43.0,15.0,2.0,17.0,0,Bachelor's
29558.52,6.09,72.0,78219.56,0.4219,567.0,45.0,13.0,5.0,12.0,1,Some College
35773.39,5.33,60.0,94509.11,0.2378,635.0,35.0,16.0,3.0,15.0,0,Master's
44159.4,6.12,60.0,95375.98,0.3387,570.0,50.0,15.0,3.0,9.0,0,Bachelor's
26048.46,7.25,60.0,68262.37,0.3057,636.0,37.0,15.0,4.0,13.0,0,Bachelor's
18471.99,8.62,72.0,71136.15,0.3769,584.0,34.0,15.0,4.0,12.0,0,Bachelor's
36229.13,8.74,36.0,67634.38,0.3776,654.0,37.0,17.0,3.0,4.0,0,Master's
12121.01,5.16,60.0,84109.5,0.2587,703.0,35.0,16.0,3.0,11.0,0,Master's
26540.82,5.99,72.0,68981.14,0.3165,518.0,45.0,13.0,5.0,21.0,1,Some College
33575.39,4.68,60.0,62432.73,0.4293,732.0,43.0,12.0,6.0,4.0,1,Some College
29257.25,5.52,60.0,88016.8,0.2073,559.0,42.0,18.0,3.0,20.0,1,Doctorate
26697.03,5.65,36.0,100312.42,0.2041,555.0,45.0,16.0,2.0,15.0,0,Master's
33735.68,7.98,84.0,85166.59,0.3677,530.0,37.0,16.0,3.0,15.0,1,Master's
24748.33,5.42,72.0,88723.78,0.2422,527.0,48.0,14.0,4.0,20.0,1,Bachelor's
26575.94,6.08,60.0,71468.66,0.3532,619.0,46.0,18.0,5.0,11.0,0,Doctorate
24072.4,8.23,84.0,70113.76,0.4271,477.0,40.0,14.0,5.0,18.0,0,Bachelor's
24137.04,6.9,84.0,38518.38,,729.0,31.0,16.0,6.0,12.0,0,Master's
11231.15,7.69,84.0,71382.53,0.2949,563.0,40.0,16.0,4.0,19.0,1,Master's
21110.85,8.34,60.0,77341.78,0.4871,497.0,30.0,16.0,5.0,14.0,1,Master's
20997.46,8.1,60.0,67742.48,0.4253,470.0,41.0,15.0,5.0,17.0,1,Bachelor's
28746.49,7.6,96.0,76169.52,,710.0,37.0,16.0,2.0,8.0,0,Master's
35021.78,8.9,48.0,54091.02,0.4977,407.0,49.0,15.0,7.0,15.0,1,Bachelor's
20079.4,6.95,72.0,65415.27,0.2699,544.0,44.0,17.0,4.0,20.0,1,Master's
31336.86,7.31,96.0,85023.53,0.3325,586.0,25.0,18.0,3.0,19.0,0,Doctorate
38532.73,7.01,72.0,68475.0,0.4686,501.0,39.0,16.0,6.0,16.0,1,Master's
39091.57,5.1,48.0,50060.37,0.3483,619.0,50.0,15.0,7.0,14.0,0,Bachelor's
29189.02,8.46,84.0,68812.48,0.3957,555.0,42.0,13.0,4.0,13.0,0,Some College
22114.42,8.11,60.0,94673.24,0.2393,501.0,33.0,17.0,2.0,21.0,1,Master's
21189.15,7.84,84.0,84156.0,0.2653,590.0,53.0,15.0,2.0,10.0,0,Bachelor's
37485.75,8.59,108.0,58593.46,0.4487,683.0,18.0,16.0,5.0,14.0,0,Master's
6947.5,8.41,48.0,82014.0,0.3594,596.0,40.0,15.0,3.0,7.0,0,Bachelor's
22618.48,7.03,60.0,99320.14,0.2585,504.0,41.0,15.0,2.0,17.0,0,Bachelor's
23349.24,8.62,60.0,97833.02,0.2418,491.0,41.0,15.0,1.0,17.0,1,Bachelor's
18659.67,,84.0,73027.76,0.2964,564.0,42.0,15.0,5.0,21.0,1,Bachelor's
25364.85,6.92,72.0,72702.66,0.3298,649.0,31.0,12.0,4.0,15.0,0,Some College
35073.0,6.71,72.0,82832.22,0.3883,659.0,47.0,18.0,3.0,4.0,0,Doctorate
,8.58,60.0,103317.95,0.2721,452.0,38.0,15.0,1.0,18.0,1,Bachelor's
31571.34,6.31,48.0,96075.04,0.3514,485.0,38.0,16.0,4.0,17.0,1,Master's
13008.69,4.1,60.0,95763.5,0.2376,508.0,57.0,16.0,4.0,19.0,1,Master's
36572.21,5.97,36.0,80587.24,0.3093,704.0,44.0,15.0,3.0,3.0,0,Bachelor's
36698.12,8.38,60.0,57696.18,0.358,492.0,44.0,17.0,5.0,18.0,1,Master's
31408.26,6.11,48.0,96490.72,0.2072,592.0,40.0,16.0,2.0,15.0,0,Master's
17988.15,6.85,48.0,79677.39,0.3764,480.0,43.0,17.0,5.0,17.0,1,Master's
42773.06,7.64,72.0,71355.26,0.4131,510.0,43.0,17.0,5.0,15.0,1,Master's
26231.97,5.15,36.0,89233.58,0.2217,604.0,43.0,14.0,3.0,,0,Bachelor's
25438.57,8.92,60.0,57442.44,0.4254,684.0,38.0,17.0,,2.0,0,Master's
33003.96,6.79,60.0,95155.66,0.1936,461.0,44.0,16.0,2.0,24.0,1,Master's
37935.49,7.62,72.0,88194.63,0.4034,567.0,39.0,16.0,3.0,10.0,1,Master's
33201.09,5.28,60.0,89652.87,0.2863,507.0,43.0,15.0,4.0,21.0,1,Bachelor's
26807.09,2.21,84.0,84361.06,0.4341,440.0,54.0,15.0,9.0,24.0,1,Bachelor's
42995.91,7.58,60.0,86151.11,0.2832,510.0,40.0,16.0,3.0,18.0,0,Master's
17176.89,7.43,60.0,74331.83,0.2861,488.0,39.0,13.0,4.0,22.0,1,Some College
37719.31,5.69,72.0,70097.46,0.2649,641.0,33.0,17.0,4.0,,0,Master's
42369.93,4.37,36.0,89306.51,0.2166,742.0,45.0,15.0,3.0,5.0,0,Bachelor's
41112.85,5.93,48.0,100891.98,0.1958,548.0,40.0,16.0,2.0,17.0,0,Master's
30344.32,7.76,72.0,61466.39,0.3795,668.0,32.0,17.0,4.0,10.0,0,Master's
23869.96,4.64,72.0,89614.16,0.2843,496.0,52.0,15.0,5.0,,1,Bachelor's
32321.41,6.61,60.0,68250.63,0.5044,517.0,35.0,18.0,7.0,15.0,0,Doctorate
32551.05,8.51,84.0,65623.52,0.3334,568.0,46.0,14.0,3.0,13.0,0,Bachelor's
18276.81,7.1,60.0,99912.72,0.2893,474.0,44.0,19.0,3.0,17.0,1,Doctorate
29534.15,5.77,60.0,104526.41,0.2328,624.0,35.0,16.0,2.0,13.0,0,Master's
29459.07,7.82,84.0,59346.07,0.3775,612.0,44.0,12.0,5.0,11.0,0,Some College
27878.88,8.05,84.0,82676.6,0.3536,523.0,44.0,19.0,3.0,15.0,0,Doctorate
17973.43,6.93,48.0,66025.31,0.2964,431.0,53.0,16.0,5.0,22.0,1,Master's
29703.11,6.97,60.0,60142.63,0.3485,624.0,36.0,18.0,5.0,15.0,0,Doctorate
41129.42,6.57,72.0,79980.89,0.2845,599.0,42.0,15.0,3.0,14.0,0,Bachelor's
33693.6,5.17,60.0,93864.84,0.3404,489.0,41.0,15.0,5.0,20.0,1,Bachelor's
34731.57,8.63,60.0,62907.69,0.3536,575.0,37.0,14.0,4.0,14.0,0,Bachelor's
35473.18,8.55,72.0,46776.11,0.4484,528.0,44.0,17.0,6.0,14.0,1,Master's
24355.62,9.22,108.0,80288.83,0.3644,472.0,42.0,15.0,3.0,18.0,0,Bachelor's
,6.22,72.0,69722.56,0.4218,562.0,40.0,17.0,6.0,15.0,0,Master's
25387.75,8.08,84.0,52837.59,0.3727,614.0,31.0,16.0,5.0,17.0,0,Master's
28092.41,6.06,48.0,85045.89,0.4594,443.0,47.0,18.0,6.0,15.0,1,Doctorate
,6.7,72.0,76859.82,0.4279,584.0,40.0,18.0,5.0,11.0,0,Doctorate
25026.22,7.19,72.0,77313.4,0.2953,483.0,45.0,16.0,4.0,21.0,1,Master's
28484.9,8.23,36.0,77211.51,0.2816,458.0,44.0,16.0,3.0,18.0,1,Master's
24294.19,5.95,84.0,70939.1,0.2915,558.0,47.0,15.0,5.0,19.0,1,Bachelor's
20335.16,7.77,,85942.3,0.3071,529.0,43.0,14.0,,14.0,1,Bachelor's
40176.24,6.17,60.0,69645.09,0.3175,485.0,48.0,17.0,5.0,21.0,1,Master's
24843.5,6.4,48.0,73081.02,0.3098,712.0,32.0,18.0,4.0,9.0,0,Doctorate
22378.72,4.36,96.0,68729.1,0.3425,567.0,55.0,17.0,6.0,18.0,1,Master's
27258.67,9.62,48.0,60912.24,0.3567,476.0,41.0,18.0,4.0,16.0,1,Doctorate
37843.47,2.49,84.0,,0.532,445.0,58.0,17.0,10.0,18.0,1,Master's
29289.81,7.72,72.0,65232.33,0.4045,630.0,34.0,15.0,5.0,11.0,1,Bachelor's
26939.31,7.21,96.0,75729.59,0.3554,794.0,37.0,14.0,2.0,1.0,0,Bachelor's
15974.98,7.5,48.0,74440.33,0.3644,669.0,37.0,16.0,3.0,6.0,0,Master's
30641.81,5.47,60.0,103958.36,0.1321,454.0,46.0,16.0,2.0,27.0,1,Master's
42628.89,7.8,72.0,80381.77,0.4089,584.0,38.0,16.0,4.0,10.0,1,Master's
13437.15,5.08,60.0,,0.2087,622.0,41.0,19.0,3.0,18.0,0,Doctorate
35159.55,7.99,,86477.38,0.3306,577.0,46.0,15.0,2.0,10.0,0,Bachelor's
16145.93,6.36,72.0,72570.06,0.3604,646.0,46.0,17.0,4.0,8.0,0,Master's
30924.59,7.25,84.0,64200.92,0.4013,662.0,40.0,14.0,5.0,9.0,0,Bachelor's
35514.36,4.88,60.0,51504.83,0.4074,784.0,38.0,18.0,6.0,6.0,0,Doctorate
28765.28,8.34,60.0,71362.14,0.3911,521.0,34.0,15.0,4.0,16.0,0,Bachelor's
32966.99,8.01,96.0,65105.11,0.3162,496.0,30.0,16.0,5.0,28.0,1,Master's
26303.46,9.58,108.0,89648.96,0.3558,485.0,48.0,,2.0,13.0,0,Doctorate
36107.45,5.57,72.0,66284.11,0.3548,496.0,52.0,14.0,6.0,19.0,1,Bachelor's
32388.82,6.23,60.0,68917.14,0.303,543.0,55.0,15.0,5.0,14.0,0,Bachelor's
14025.66,6.83,60.0,73790.06,0.2896,521.0,43.0,15.0,4.0,19.0,1,Bachelor's
36249.86,7.9,48.0,84578.06,0.3327,613.0,42.0,15.0,2.0,6.0,0,Bachelor's
28213.51,5.45,60.0,75581.41,0.315,,49.0,19.0,5.0,20.0,1,Doctorate
38107.88,8.31,72.0,79454.56,0.3428,573.0,38.0,14.0,3.0,,1,Bachelor's
37103.77,7.66,48.0,70566.24,0.2731,530.0,42.0,15.0,4.0,17.0,0,Bachelor's
14298.3,7.79,84.0,71093.29,0.2846,550.0,56.0,17.0,3.0,13.0,0,Master's
29687.44,5.43,36.0,71049.72,0.2596,684.0,40.0,17.0,4.0,11.0,0,Master's
39839.31,5.56,60.0,50766.12,0.4403,648.0,45.0,17.0,7.0,10.0,0,Master's
22922.22,6.7,72.0,88320.99,0.4077,541.0,41.0,15.0,4.0,12.0,1,Bachelor's
40479.67,7.84,48.0,66890.93,0.3894,428.0,49.0,17.0,5.0,18.0,1,Master's
11151.19,5.95,72.0,77534.75,0.3135,696.0,48.0,16.0,3.0,6.0,0,Master's
,5.93,72.0,80626.84,0.2548,507.0,50.0,14.0,4.0,21.0,1,Bachelor's
25845.05,7.88,96.0,73333.5,0.3525,605.0,45.0,16.0,3.0,11.0,0,Master's
27252.8,6.59,84.0,72369.89,0.3575,565.0,44.0,15.0,5.0,16.0,1,Bachelor's
27902.99,4.71,72.0,93580.38,0.3288,548.0,36.0,19.0,5.0,20.0,1,Doctorate
29091.71,7.48,72.0,63468.71,0.5374,431.0,40.0,15.0,7.0,18.0,1,Bachelor's
23258.44,5.9,72.0,98922.87,0.2438,527.0,48.0,14.0,3.0,17.0,1,Bachelor's
18679.17,7.16,72.0,89776.64,0.3029,506.0,45.0,14.0,3.0,16.0,1,Bachelor's
26500.09,8.62,60.0,70817.6,0.4815,420.0,36.0,15.0,6.0,18.0,1,Bachelor's
14117.64,6.66,60.0,68325.01,0.3456,495.0,48.0,16.0,,18.0,1,Master's
33319.33,8.13,48.0,68613.34,0.35,517.0,,15.0,4.0,14.0,1,Bachelor's
31598.57,7.06,72.0,90465.11,0.3226,541.0,37.0,15.0,3.0,17.0,1,Bachelor's
31182.15,6.33,60.0,73493.5,0.4918,502.0,37.0,16.0,7.0,15.0,0,Master's
29561.7,7.24,72.0,87537.39,0.434,566.0,37.0,17.0,4.0,10.0,0,Master's
25006.26,6.37,48.0,80747.18,0.1596,529.0,44.0,13.0,3.0,23.0,1,Some College
49944.21,5.96,72.0,89750.74,0.2111,517.0,50.0,14.0,3.0,19.0,1,Bachelor's
28657.72,8.26,120.0,102970.48,0.3354,744.0,34.0,14.0,0.0,2.0,0,Bachelor's
28308.63,7.98,60.0,69897.07,0.3191,558.0,40.0,18.0,4.0,15.0,0,Doctorate
22569.22,7.02,60.0,76326.39,0.409,426.0,46.0,18.0,6.0,19.0,0,Doctorate
27184.79,9.84,48.0,48606.93,0.4124,480.0,46.0,16.0,5.0,13.0,1,Master's
29548.34,4.07,84.0,,0.4542,599.0,42.0,,7.0,12.0,1,Master's
38677.04,,96.0,88753.37,0.2806,663.0,51.0,16.0,1.0,6.0,0,Master's
28616.88,6.9,72.0,89213.65,0.3098,628.0,38.0,17.0,,11.0,0,Master's
35025.57,5.4,72.0,72068.22,0.4555,519.0,49.0,14.0,7.0,14.0,1,Bachelor's
24248.29,7.03,36.0,86444.21,0.3058,631.0,42.0,20.0,2.0,7.0,0,Doctorate
30810.2,6.59,60.0,70848.85,0.2968,625.0,35.0,15.0,4.0,15.0,0,Bachelor's
38024.04,5.59,60.0,72127.97,0.3815,677.0,42.0,16.0,5.0,8.0,0,Master's
22485.74,8.15,60.0,95854.68,0.2832,515.0,36.0,19.0,2.0,17.0,1,Doctorate
25829.67,8.9,72.0,,0.4501,530.0,37.0,17.0,4.0,10.0,1,Master's
50000.0,5.97,24.0,84928.6,0.2638,714.0,42.0,17.0,2.0,3.0,0,Master's
27101.21,7.29,72.0,56841.31,0.4341,510.0,48.0,17.0,6.0,15.0,1,Master's
25774.02,5.99,48.0,59704.05,0.3023,721.0,37.0,16.0,5.0,9.0,1,Master's
23718.03,4.01,60.0,94642.02,0.3493,536.0,46.0,17.0,5.0,16.0,1,Master's
29830.86,9.07,72.0,87622.21,0.3624,541.0,40.0,14.0,2.0,10.0,1,Bachelor's
21702.61,8.03,48.0,85280.32,0.2645,473.0,42.0,14.0,3.0,19.0,0,Bachelor's
23928.91,6.75,36.0,78738.89,0.3069,683.0,42.0,18.0,3.0,4.0,0,Doctorate
20920.79,7.13,72.0,78349.34,0.337,487.0,54.0,17.0,4.0,15.0,0,Master's
14646.33,6.26,72.0,80962.41,0.4439,623.0,38.0,15.0,5.0,9.0,0,Bachelor's
31720.6,7.12,72.0,76728.71,0.3423,675.0,29.0,17.0,3.0,11.0,0,Master's
38345.12,8.41,72.0,93523.38,0.3009,502.0,43.0,18.0,2.0,14.0,1,Doctorate
34931.77,,60.0,69044.64,0.3505,516.0,48.0,14.0,5.0,16.0,1,Bachelor's
34451.89,6.89,60.0,71516.86,0.3421,650.0,39.0,14.0,4.0,10.0,0,Bachelor's
34818.05,6.7,84.0,71942.61,0.2878,582.0,34.0,16.0,4.0,21.0,0,Master's
23764.6,6.88,72.0,75138.64,0.4084,526.0,34.0,15.0,5.0,18.0,1,Bachelor's
38652.41,6.34,60.0,76172.68,0.2733,612.0,40.0,16.0,,15.0,0,Master's
19429.41,6.06,84.0,81202.59,0.2724,586.0,47.0,16.0,4.0,16.0,1,Master's
25642.39,7.7,60.0,48086.37,0.38,666.0,39.0,12.0,5.0,10.0,0,Some College
16026.59,7.2,72.0,92505.22,0.3041,523.0,41.0,15.0,3.0,16.0,1,Bachelor's
37879.52,5.69,72.0,88331.97,0.287,665.0,32.0,16.0,3.0,15.0,0,
29501.58,7.7,96.0,86873.76,0.376,561.0,39.0,15.0,3.0,13.0,0,Bachelor's
22512.52,6.87,60.0,67892.72,0.3135,654.0,39.0,13.0,4.0,11.0,0,Some College
14826.37,6.85,,97298.9,0.2759,562.0,34.0,18.0,2.0,17.0,0,Doctorate
48304.46,6.68,,77490.75,0.2891,557.0,42.0,16.0,4.0,18.0,1,Master's
20805.51,8.43,60.0,71666.23,0.3869,627.0,34.0,14.0,3.0,8.0,0,Bachelor's
34794.29,5.12,72.0,64475.64,0.4551,487.0,53.0,17.0,8.0,17.0,1,Master's
25382.91,8.43,60.0,103289.75,0.1982,431.0,38.0,17.0,1.0,23.0,1,Master's
18877.57,7.3,48.0,77606.79,0.3387,521.0,42.0,15.0,4.0,15.0,1,Bachelor's
23921.09,6.75,60.0,75942.46,0.3329,578.0,39.0,14.0,4.0,15.0,1,Bachelor's
22657.75,7.02,60.0,68122.91,0.2898,,40.0,15.0,4.0,16.0,0,Bachelor's
30943.61,5.09,60.0,91220.37,0.357,543.0,45.0,13.0,5.0,14.0,1,Some College
45485.82,8.09,60.0,74302.18,0.4612,428.0,35.0,15.0,6.0,20.0,0,Bachelor's
30969.59,6.13,24.0,84231.19,0.2522,642.0,42.0,14.0,3.0,9.0,1,Bachelor's
26509.63,6.89,72.0,72597.2,0.3732,570.0,40.0,15.0,5.0,14.0,1,Bachelor's
37317.57,6.85,60.0,99324.32,0.1615,450.0,43.0,14.0,2.0,25.0,1,Bachelor's
25318.99,7.38,72.0,73021.53,0.4267,491.0,42.0,16.0,5.0,16.0,0,Master's
29909.91,6.62,60.0,69278.15,0.4834,467.0,46.0,14.0,7.0,15.0,1,Bachelor's
36262.21,7.67,84.0,70167.45,0.4452,630.0,40.0,15.0,4.0,7.0,1,Bachelor's
29522.66,6.76,72.0,83262.31,0.2487,460.0,49.0,12.0,4.0,23.0,1,Some College
38227.29,4.69,72.0,91261.21,0.316,614.0,39.0,15.0,4.0,15.0,1,Bachelor's
21204.66,8.1,60.0,87614.69,0.1966,450.0,45.0,14.0,2.0,23.0,1,Bachelor's
28085.13,7.7,60.0,,0.4472,483.0,34.0,15.0,5.0,16.0,1,Bachelor's
15092.76,8.5,84.0,83060.65,0.4277,581.0,33.0,17.0,3.0,10.0,1,Master's
20846.04,3.75,72.0,85115.32,0.1578,626.0,51.0,17.0,4.0,19.0,1,Master's
44179.97,8.41,84.0,69544.26,0.4031,555.0,38.0,13.0,4.0,14.0,0,Some College
25833.91,8.75,72.0,,0.3787,535.0,41.0,16.0,3.0,12.0,1,Master's
28646.39,7.67,48.0,54970.18,0.3656,687.0,34.0,18.0,5.0,8.0,0,Doctorate
36507.08,8.87,60.0,86002.42,0.3919,549.0,39.0,14.0,3.0,9.0,1,Bachelor's
24449.94,6.39,84.0,85759.15,0.2825,512.0,49.0,16.0,4.0,18.0,1,Master's
19127.34,6.85,60.0,72066.09,0.3392,666.0,35.0,15.0,4.0,10.0,0,Bachelor's
24098.59,7.32,84.0,74849.41,0.402,587.0,44.0,16.0,4.0,10.0,0,Master's
33842.25,8.42,60.0,78216.33,0.3538,572.0,41.0,14.0,3.0,10.0,0,Bachelor's
29098.05,8.59,72.0,49629.28,0.5638,434.0,42.0,16.0,8.0,17.0,1,Master's
36807.48,6.24,84.0,90008.42,0.412,675.0,31.0,15.0,4.0,7.0,0,Bachelor's
30233.55,5.74,48.0,87581.88,0.2305,621.0,42.0,10.0,3.0,13.0,1,High School
25734.92,8.26,,95991.18,0.4103,460.0,38.0,14.0,3.0,16.0,1,Bachelor's
43057.26,2.54,96.0,62388.72,0.3167,628.0,60.0,19.0,7.0,17.0,1,Doctorate
20751.75,5.63,36.0,72881.42,0.2456,680.0,45.0,17.0,4.0,9.0,1,Master's
37546.52,8.34,36.0,60780.09,0.3587,625.0,42.0,15.0,4.0,7.0,0,Bachelor's
25283.57,5.33,72.0,91810.19,0.2526,701.0,25.0,16.0,3.0,15.0,0,Master's
,8.81,36.0,82114.21,0.2039,512.0,36.0,16.0,2.0,19.0,1,Master's
49431.77,7.02,36.0,79867.04,0.3274,437.0,48.0,14.0,5.0,19.0,1,Bachelor's
18069.03,8.61,96.0,85953.37,0.3793,538.0,44.0,15.0,3.0,11.0,0,Bachelor's
16708.67,6.9,60.0,70565.97,0.3726,482.0,48.0,16.0,5.0,16.0,1,Master's
24115.25,6.77,60.0,78448.93,0.2862,618.0,39.0,16.0,3.0,13.0,0,Master's
40466.9,6.01,72.0,79369.13,0.532,478.0,39.0,13.0,7.0,15.0,1,Some College
22046.21,7.76,96.0,90572.62,0.2976,673.0,47.0,15.0,1.0,5.0,0,Bachelor's
22178.09,8.06,36.0,77019.5,0.3361,,46.0,15.0,3.0,4.0,0,Bachelor's
29803.04,6.52,48.0,61475.69,0.3127,650.0,43.0,16.0,5.0,11.0,0,Master's
12318.24,6.98,60.0,68876.47,0.2206,574.0,45.0,20.0,3.0,18.0,1,Doctorate
18731.22,4.85,72.0,65291.68,0.4003,532.0,56.0,15.0,7.0,15.0,1,Bachelor's
46984.06,8.43,72.0,74653.8,0.3409,508.0,34.0,14.0,4.0,19.0,1,Bachelor's
19129.28,6.34,72.0,75181.84,0.4693,490.0,41.0,13.0,6.0,16.0,1,Some College
33028.9,5.79,48.0,92824.43,0.447,425.0,44.0,18.0,6.0,16.0,1,Doctorate
29926.58,7.9,60.0,67720.72,0.4231,,37.0,16.0,5.0,17.0,1,Master's
27342.49,7.21,48.0,64146.48,0.5189,417.0,54.0,15.0,7.0,13.0,1,Bachelor's
33096.94,7.29,48.0,80707.85,0.2914,551.0,40.0,18.0,3.0,15.0,1,Doctorate
18631.72,6.7,,75307.37,0.4383,459.0,37.0,17.0,6.0,20.0,0,Master's
28788.95,8.53,96.0,79407.02,0.3215,532.0,,15.0,3.0,13.0,0,Bachelor's
24435.22,7.26,60.0,65506.09,0.411,767.0,27.0,15.0,4.0,3.0,0,Bachelor's
30392.68,6.8,84.0,87451.56,0.3157,526.0,54.0,15.0,3.0,13.0,0,Bachelor's
24832.16,6.31,60.0,70486.5,0.2295,468.0,50.0,13.0,5.0,25.0,1,Some College
39750.96,5.95,84.0,73594.93,0.3456,561.0,48.0,18.0,5.0,16.0,1,Doctorate
37196.44,5.48,60.0,75707.3,0.2891,700.0,37.0,17.0,4.0,11.0,0,Master's
26213.07,2.18,96.0,67877.42,0.2642,622.0,60.0,16.0,7.0,19.0,1,Master's
25487.68,7.26,48.0,88965.37,0.3294,662.0,31.0,14.0,2.0,8.0,0,Bachelor's
27655.71,7.49,36.0,69959.93,0.3688,716.0,35.0,16.0,3.0,2.0,0,Master's
24653.35,9.52,48.0,48969.67,0.4212,439.0,46.0,17.0,6.0,17.0,1,Master's
31041.42,5.68,,95748.86,0.1929,457.0,47.0,16.0,3.0,25.0,1,Master's
37015.28,4.65,72.0,98185.61,0.4365,554.0,36.0,17.0,5.0,14.0,0,Master's
11827.6,5.38,60.0,95087.88,0.2327,488.0,52.0,14.0,3.0,20.0,1,Bachelor's
32205.4,6.44,72.0,81713.9,0.3484,629.0,45.0,16.0,4.0,8.0,0,Master's
35972.96,7.27,60.0,56587.02,0.3778,739.0,32.0,18.0,4.0,6.0,0,
29186.67,7.5,72.0,87430.49,0.311,492.0,41.0,16.0,3.0,19.0,1,Master's
28668.62,7.65,84.0,84876.29,0.445,543.0,40.0,14.0,4.0,10.0,1,Bachelor's
20928.73,4.74,24.0,93915.96,0.1961,646.0,48.0,18.0,3.0,10.0,0,Doctorate
27818.61,6.2,48.0,91900.56,0.2034,594.0,39.0,19.0,2.0,16.0,0,Doctorate
24265.37,5.15,72.0,87689.06,0.345,547.0,38.0,16.0,5.0,18.0,1,Master's
29529.6,7.29,72.0,69025.89,0.3754,603.0,47.0,16.0,4.0,10.0,0,Master's
,7.85,72.0,54147.96,0.4069,707.0,30.0,18.0,5.0,9.0,0,Doctorate
37998.92,8.11,48.0,74485.66,0.3563,594.0,39.0,17.0,3.0,9.0,1,Master's
27759.32,6.32,60.0,78456.68,0.3003,519.0,44.0,15.0,4.0,19.0,1,Bachelor's
22703.75,5.68,84.0,70800.89,0.2712,602.0,41.0,16.0,5.0,19.0,1,Master's
23350.06,7.54,72.0,60900.4,0.3407,566.0,43.0,19.0,5.0,16.0,1,Doctorate
34360.06,6.64,84.0,90200.33,0.3568,590.0,40.0,19.0,3.0,13.0,0,Doctorate
31330.76,10.34,72.0,75546.36,0.3692,532.0,31.0,17.0,2.0,14.0,1,Master's
21234.49,7.09,60.0,71549.96,0.3555,709.0,32.0,14.0,4.0,7.0,0,Bachelor's
30039.35,9.45,48.0,60817.6,0.3927,597.0,43.0,16.0,3.0,5.0,1,Master's
17737.36,8.61,72.0,83671.97,0.2702,562.0,36.0,19.0,2.0,,1,Doctorate
26583.35,6.34,84.0,73134.45,0.3652,544.0,47.0,16.0,5.0,16.0,1,Master's
37342.48,2.32,72.0,93118.46,0.4216,512.0,54.0,16.0,7.0,16.0,1,Master's
15731.85,7.54,84.0,78340.56,0.3911,,40.0,15.0,4.0,12.0,0,Bachelor's
28937.07,7.72,60.0,92618.79,0.2229,519.0,39.0,15.0,2.0,19.0,1,Bachelor's
19820.5,7.27,60.0,59495.47,0.3909,581.0,44.0,17.0,5.0,13.0,0,Master's
27024.41,3.69,48.0,85335.18,0.2042,714.0,45.0,21.0,4.0,11.0,0,Doctorate
39001.11,8.33,60.0,38656.49,0.3744,576.0,42.0,14.0,6.0,16.0,0,Bachelor's
28430.57,8.4,60.0,105610.29,0.3331,483.0,37.0,17.0,2.0,13.0,1,Master's
28055.49,6.9,36.0,83598.93,0.2981,444.0,48.0,15.0,4.0,19.0,1,Bachelor's
32156.67,4.55,84.0,81694.37,0.2976,570.0,50.0,15.0,5.0,18.0,1,Bachelor's
21365.37,6.23,72.0,88012.36,0.2121,541.0,42.0,16.0,3.0,21.0,1,Master's
16650.64,6.28,60.0,87772.27,0.4453,531.0,36.0,16.0,5.0,13.0,1,Master's
31949.34,7.56,72.0,65282.43,0.327,589.0,39.0,19.0,4.0,15.0,0,Doctorate
24870.73,7.29,84.0,69043.17,0.3593,544.0,46.0,18.0,5.0,15.0,1,Doctorate
20588.27,7.02,72.0,77679.09,0.3227,619.0,39.0,16.0,3.0,,1,Master's
18911.42,4.07,72.0,95184.84,0.2196,525.0,51.0,18.0,4.0,,1,Doctorate
40790.17,6.76,72.0,82994.73,0.3281,468.0,43.0,14.0,4.0,21.0,1,Bachelor's
31330.47,5.02,72.0,77748.84,0.2187,603.0,46.0,14.0,4.0,19.0,1,Bachelor's
19341.23,9.09,48.0,66188.87,0.4005,428.0,38.0,18.0,5.0,19.0,1,Doctorate
21733.12,5.59,60.0,80149.0,0.5096,469.0,48.0,15.0,7.0,13.0,1,Bachelor's
22521.91,8.17,84.0,90672.12,0.5016,395.0,34.0,15.0,5.0,19.0,0,Bachelor's
33558.55,5.69,60.0,87406.32,0.4172,561.0,43.0,15.0,5.0,11.0,0,Bachelor's
26694.14,7.41,84.0,74844.74,0.3142,559.0,40.0,14.0,4.0,17.0,1,Bachelor's
11022.33,8.3,72.0,63469.37,0.5378,468.0,37.0,15.0,7.0,15.0,1,Bachelor's
31878.63,5.92,96.0,54786.62,0.4792,638.0,47.0,13.0,7.0,10.0,1,Some College
21898.92,8.35,48.0,65402.81,0.4265,509.0,41.0,16.0,,13.0,1,Master's
,5.75,84.0,80453.07,0.349,553.0,49.0,17.0,5.0,15.0,1,Master's
15688.83,4.26,72.0,86084.23,0.4025,592.0,44.0,14.0,6.0,13.0,1,Bachelor's
33857.77,8.89,60.0,100731.48,0.3191,450.0,38.0,18.0,2.0,16.0,1,Doctorate
26412.81,6.27,72.0,56095.75,0.3972,696.0,40.0,16.0,6.0,8.0,0,Master's
21882.22,7.47,36.0,84147.64,,520.0,46.0,17.0,3.0,12.0,1,Master's
23688.9,8.62,72.0,75583.41,0.326,504.0,34.0,15.0,3.0,19.0,0,Bachelor's
36292.28,6.65,72.0,76769.2,0.423,607.0,40.0,15.0,5.0,9.0,0,Bachelor's
39777.19,7.59,60.0,72687.35,0.4281,465.0,39.0,16.0,6.0,18.0,1,Master's
19380.41,6.84,60.0,62879.7,0.4506,565.0,35.0,13.0,6.0,15.0,0,Some College
41313.62,7.84,72.0,78699.74,0.3342,545.0,40.0,15.0,3.0,16.0,1,Bachelor's
21535.05,6.54,48.0,72038.73,0.3479,506.0,50.0,19.0,5.0,15.0,1,Doctorate
17066.59,6.9,72.0,75996.98,0.355,495.0,51.0,16.0,5.0,16.0,0,Master's
39075.09,6.26,72.0,,0.2305,475.0,47.0,15.0,3.0,23.0,1,Bachelor's
21302.84,6.4,60.0,73381.87,0.5426,420.0,47.0,17.0,8.0,15.0,1,Master's
42035.23,5.75,72.0,75610.3,0.3071,696.0,36.0,15.0,4.0,11.0,0,Bachelor's
24819.26,9.1,60.0,87650.18,0.2425,444.0,37.0,15.0,2.0,23.0,1,Bachelor's
34181.4,6.28,48.0,86194.56,0.3027,695.0,33.0,15.0,,8.0,0,Bachelor's
30125.32,7.27,72.0,59504.2,0.5426,525.0,46.0,15.0,7.0,9.0,1,Bachelor's
11355.42,10.53,60.0,93523.84,0.3278,494.0,30.0,18.0,1.0,14.0,1,Doctorate
40234.34,,60.0,99306.4,0.2373,402.0,41.0,18.0,2.0,23.0,1,Doctorate
17852.43,7.03,72.0,87403.93,0.232,513.0,44.0,18.0,3.0,19.0,1,Doctorate
45797.65,6.85,72.0,84551.26,0.3209,659.0,36.0,15.0,3.0,10.0,1,Bachelor's
27285.98,6.23,72.0,86518.17,0.4034,591.0,42.0,17.0,4.0,10.0,0,Master's
26818.95,8.36,60.0,77214.3,0.4305,524.0,33.0,16.0,4.0,13.0,1,Master's
26521.58,6.53,72.0,65939.15,0.393,569.0,47.0,17.0,5.0,13.0,1,Master's
32807.82,5.06,72.0,88987.72,0.2666,513.0,56.0,17.0,4.0,18.0,1,Master's
40143.88,7.5,60.0,69242.2,0.4316,455.0,41.0,18.0,6.0,18.0,1,Doctorate
23417.06,7.84,84.0,84829.05,0.344,554.0,46.0,16.0,3.0,11.0,0,Master's
31500.96,6.98,72.0,85344.02,0.2411,600.0,39.0,17.0,2.0,16.0,1,Master's
25772.37,7.76,60.0,99567.72,0.2611,470.0,41.0,13.0,2.0,18.0,1,Some College
25694.34,6.22,60.0,57238.48,0.4,566.0,44.0,12.0,6.0,15.0,0,Some College
21023.86,6.77,60.0,79133.48,0.4028,500.0,45.0,16.0,5.0,,0,Master's
36035.85,5.93,60.0,71707.55,0.5361,458.0,48.0,15.0,8.0,14.0,1,Bachelor's
25564.14,4.99,60.0,87805.81,0.455,476.0,46.0,16.0,6.0,15.0,1,Master's
35121.2,7.58,84.0,77387.46,0.3322,591.0,34.0,15.0,3.0,16.0,0,Bachelor's
22953.5,8.4,48.0,66088.14,0.4324,379.0,43.0,15.0,6.0,21.0,1,Bachelor's
43927.9,9.18,60.0,57684.09,0.4136,668.0,34.0,14.0,4.0,5.0,0,Bachelor's
22281.4,7.55,36.0,91178.3,0.2903,586.0,41.0,15.0,2.0,9.0,0,Bachelor's
24176.67,6.77,60.0,61803.87,0.5026,401.0,36.0,15.0,8.0,23.0,0,Bachelor's
20213.87,7.61,72.0,72353.33,0.4085,432.0,47.0,14.0,5.0,18.0,0,Bachelor's
31716.43,6.24,84.0,76838.91,0.3198,719.0,45.0,13.0,3.0,6.0,0,Some College
27914.15,7.02,84.0,71940.09,0.3265,729.0,44.0,16.0,3.0,5.0,0,Master's
12325.38,6.89,72.0,85639.26,0.2927,517.0,45.0,14.0,3.0,18.0,1,Bachelor's
34239.2,6.8,84.0,85685.91,0.2963,588.0,49.0,14.0,3.0,12.0,0,Bachelor's
33984.68,7.84,84.0,79486.43,0.3302,554.0,40.0,15.0,3.0,15.0,1,Bachelor's
27037.49,7.95,60.0,74819.12,0.3761,584.0,33.0,15.0,4.0,13.0,1,Bachelor's
26466.86,8.72,108.0,99683.48,0.3596,599.0,43.0,13.0,1.0,7.0,0,Some College
24001.83,11.12,60.0,88024.94,0.3303,439.0,32.0,17.0,1.0,17.0,1,Master's
35579.9,7.74,96.0,57450.15,0.4666,583.0,45.0,16.0,6.0,11.0,1,Master's
,6.38,72.0,68525.63,0.4055,679.0,40.0,15.0,5.0,7.0,0,Bachelor's
28023.48,6.59,72.0,97959.68,0.1812,521.0,41.0,14.0,2.0,21.0,1,Bachelor's
31903.85,7.97,72.0,78516.02,0.3581,611.0,37.0,17.0,3.0,10.0,0,Master's
14340.46,7.59,72.0,84562.6,0.2798,533.0,39.0,12.0,3.0,18.0,1,Some College
29879.73,6.47,72.0,93000.38,0.2914,528.0,44.0,16.0,3.0,16.0,1,Master's
22999.21,5.79,60.0,101070.41,0.186,527.0,38.0,15.0,2.0,,0,Bachelor's
34156.72,7.85,48.0,76239.64,0.4023,494.0,40.0,17.0,5.0,14.0,1,Master's
26857.87,6.25,72.0,84767.88,0.283,624.0,39.0,16.0,3.0,14.0,0,Master's
34499.05,7.21,84.0,70257.82,0.3786,537.0,43.0,15.0,5.0,17.0,1,Bachelor's
47772.17,6.98,72.0,61526.66,0.4183,579.0,41.0,16.0,6.0,13.0,0,Master's
22429.05,3.74,84.0,72687.62,0.2813,512.0,55.0,15.0,6.0,24.0,1,Bachelor's
25773.34,7.59,60.0,65912.06,0.3527,624.0,35.0,17.0,4.0,13.0,0,Master's
17672.22,6.86,72.0,67598.09,0.3255,646.0,34.0,12.0,4.0,14.0,0,Some College
29373.08,7.07,60.0,65389.77,0.2515,553.0,44.0,16.0,,19.0,1,Master's
,7.27,60.0,,0.3852,443.0,50.0,18.0,5.0,16.0,0,Doctorate
22857.11,8.44,84.0,50196.48,0.403,608.0,33.0,18.0,5.0,15.0,0,Doctorate
36817.95,9.95,60.0,90696.08,0.3103,452.0,34.0,16.0,2.0,18.0,1,Master's
33152.78,6.69,36.0,56156.0,0.3089,640.0,42.0,15.0,5.0,12.0,0,Bachelor's
34128.86,7.5,72.0,89639.73,0.2251,,40.0,15.0,2.0,20.0,1,Bachelor's
27053.09,5.02,96.0,52075.35,0.3112,660.0,46.0,18.0,6.0,18.0,1,Doctorate
30684.51,4.01,84.0,81656.96,0.2679,561.0,51.0,18.0,5.0,20.0,1,Doctorate
19920.44,9.24,84.0,65190.13,0.4291,577.0,29.0,,4.0,14.0,0,Master's
34109.56,3.48,84.0,72397.52,0.2733,563.0,55.0,15.0,6.0,22.0,1,Bachelor's
38364.15,8.25,84.0,72619.56,0.3508,540.0,38.0,16.0,4.0,17.0,1,Master's
29373.94,10.39,36.0,75299.91,0.1837,493.0,31.0,13.0,,21.0,1,Some College
22079.84,6.47,60.0,86794.39,0.3251,551.0,36.0,16.0,4.0,17.0,1,Master's
27971.89,5.9,72.0,85848.27,0.2751,477.0,50.0,15.0,4.0,21.0,0,Bachelor's
32171.52,,84.0,82923.22,0.3157,573.0,,14.0,4.0,16.0,1,Bachelor's
33617.26,8.61,48.0,60235.74,0.3695,591.0,45.0,15.0,4.0,8.0,0,Bachelor's
30014.54,7.12,24.0,92272.64,0.2404,552.0,48.0,14.0,2.0,11.0,0,Bachelor's
21873.56,8.63,72.0,75613.84,0.4114,663.0,30.0,17.0,3.0,,0,
31164.7,7.85,72.0,72485.03,0.4027,709.0,28.0,13.0,3.0,6.0,0,Some College
43133.11,7.28,60.0,71901.97,0.4314,473.0,43.0,15.0,6.0,16.0,0,Bachelor's
36347.43,8.73,72.0,69863.8,0.3851,608.0,37.0,14.0,3.0,9.0,0,Bachelor's
12309.42,6.83,72.0,94998.1,0.3165,522.0,45.0,13.0,3.0,14.0,1,Some College
8711.54,6.06,72.0,84053.37,0.3701,731.0,44.0,15.0,3.0,1.0,0,
37180.75,5.79,36.0,77439.15,0.2847,703.0,43.0,14.0,3.0,5.0,1,Bachelor's
25033.26,6.48,60.0,110376.48,0.2736,471.0,45.0,18.0,2.0,17.0,1,Doctorate
30367.01,6.79,84.0,86248.2,0.372,630.0,44.0,13.0,3.0,7.0,0,Some College
11102.41,4.42,60.0,93120.64,0.2157,579.0,47.0,15.0,4.0,18.0,1,Bachelor's
27285.11,4.48,48.0,100452.95,0.1565,636.0,40.0,17.0,2.0,16.0,0,Master's
49132.51,9.6,48.0,50078.48,0.4214,438.0,47.0,15.0,6.0,17.0,1,Bachelor's
28683.13,6.69,84.0,74358.03,0.4052,616.0,47.0,17.0,4.0,8.0,1,Master's
38385.03,6.68,60.0,75637.84,0.3259,582.0,40.0,19.0,4.0,15.0,1,Doctorate
30978.38,6.57,60.0,72298.86,0.365,592.0,48.0,15.0,5.0,10.0,0,Bachelor's
22334.88,8.23,72.0,79003.91,0.3376,516.0,42.0,17.0,3.0,15.0,0,Master's
31723.05,6.8,72.0,64339.31,0.3854,561.0,45.0,15.0,5.0,14.0,0,Bachelor's
38664.02,6.61,72.0,92878.83,,678.0,,19.0,3.0,6.0,0,Doctorate
29302.96,6.99,48.0,77230.32,0.5121,508.0,45.0,20.0,6.0,8.0,1,Doctorate
17343.02,7.53,60.0,70935.41,0.4039,571.0,40.0,15.0,5.0,11.0,1,Bachelor's
36594.04,6.75,36.0,105305.11,0.1989,515.0,49.0,12.0,,13.0,0,Some College
32955.22,3.79,72.0,85527.17,0.3595,517.0,50.0,18.0,6.0,19.0,1,Doctorate
30567.44,5.79,60.0,94130.91,0.2888,595.0,34.0,19.0,3.0,16.0,1,Doctorate
28603.48,6.72,84.0,91183.29,0.2986,526.0,41.0,15.0,3.0,18.0,1,Bachelor's
29576.31,7.1,96.0,90981.21,0.3782,671.0,45.0,14.0,2.0,3.0,0,Bachelor's
37210.05,7.57,72.0,70023.61,0.4093,502.0,46.0,15.0,5.0,15.0,1,Bachelor's
22954.76,8.37,96.0,88115.35,0.4091,469.0,39.0,15.0,4.0,17.0,0,Bachelor's
26455.01,,84.0,85825.03,0.1774,539.0,55.0,18.0,5.0,26.0,1,Doctorate
28836.31,4.89,48.0,66790.08,0.2239,658.0,38.0,13.0,5.0,18.0,0,Some College
32741.03,,72.0,99950.44,0.37,482.0,51.0,16.0,3.0,12.0,0,Master's
20627.25,8.75,,58858.17,0.4798,397.0,40.0,14.0,7.0,21.0,1,Bachelor's
18728.56,7.75,60.0,66008.36,0.3563,520.0,40.0,15.0,5.0,18.0,1,Bachelor's
36180.39,3.55,84.0,68957.3,0.2573,546.0,58.0,16.0,6.0,23.0,0,Master's
20016.63,8.04,72.0,97402.7,0.4022,564.0,39.0,15.0,2.0,7.0,1,Bachelor's
25358.72,7.26,84.0,65121.54,0.3735,526.0,51.0,18.0,5.0,15.0,0,Doctorate
32057.95,6.53,72.0,67436.78,0.3268,669.0,33.0,14.0,4.0,13.0,0,Bachelor's
24746.79,6.4,72.0,84929.3,0.2817,595.0,37.0,19.0,3.0,16.0,0,Doctorate
29589.97,5.48,84.0,75174.77,0.3032,590.0,49.0,15.0,5.0,16.0,1,Bachelor's
19976.99,6.95,84.0,81534.61,0.3914,629.0,40.0,14.0,4.0,9.0,0,Bachelor's
24291.66,9.59,84.0,86602.19,0.4727,599.0,30.0,16.0,3.0,5.0,1,Master's
19796.62,5.86,60.0,89021.14,0.389,481.0,38.0,14.0,5.0,19.0,1,Bachelor's
32727.48,6.47,60.0,67413.51,0.3593,458.0,54.0,15.0,6.0,18.0,1,Bachelor's
28234.86,5.19,,72697.57,0.4514,390.0,56.0,17.0,8.0,20.0,1,Master's
34823.98,8.73,48.0,111079.02,0.3121,506.0,39.0,11.0,1.0,10.0,1,High School
25189.55,6.54,36.0,74681.11,0.2544,573.0,45.0,16.0,4.0,15.0,0,Master's
23321.85,7.24,84.0,78741.74,0.3322,517.0,42.0,16.0,,18.0,1,Master's
26948.43,10.38,36.0,66701.71,0.41,506.0,34.0,10.0,3.0,11.0,1,High School
31882.1,6.19,,102504.09,0.2291,543.0,,14.0,2.0,17.0,0,Bachelor's
25664.5,6.86,72.0,86309.2,0.4018,531.0,45.0,16.0,4.0,12.0,1,Master's
32887.54,5.99,48.0,91376.42,0.2052,660.0,41.0,17.0,2.0,11.0,1,Master's
31694.29,7.39,60.0,63281.08,0.388,463.0,45.0,16.0,6.0,20.0,1,Master's
36420.94,7.76,72.0,81081.41,0.4458,502.0,36.0,14.0,5.0,14.0,0,Bachelor's
35697.13,6.95,84.0,61996.46,0.3668,580.0,43.0,16.0,5.0,15.0,0,Master's
36425.2,6.51,72.0,70162.86,0.4581,506.0,44.0,15.0,6.0,15.0,1,Bachelor's
34428.14,4.97,72.0,78337.07,0.4678,527.0,46.0,14.0,7.0,14.0,1,Bachelor's
20065.06,10.12,36.0,59757.96,0.4746,317.0,42.0,12.0,6.0,21.0,1,Some College
22494.66,7.71,48.0,80686.98,0.3116,535.0,49.0,14.0,3.0,11.0,0,Bachelor's
28247.59,10.22,60.0,58829.55,0.4745,579.0,39.0,13.0,4.0,5.0,0,Some College
25898.15,6.1,84.0,88864.84,0.295,650.0,27.0,14.0,3.0,17.0,0,Bachelor's
45246.45,8.43,96.0,85133.05,0.4168,608.0,33.0,19.0,3.0,10.0,0,Doctorate
35795.05,5.65,48.0,45812.44,,732.0,53.0,18.0,6.0,4.0,0,Doctorate
34061.37,5.58,60.0,75283.86,0.3714,518.0,51.0,14.0,6.0,15.0,1,Bachelor's
24670.58,6.32,84.0,76181.34,0.2949,509.0,50.0,13.0,4.0,20.0,1,Some College
26130.23,8.46,48.0,67914.09,0.2453,538.0,42.0,19.0,3.0,17.0,1,Doctorate
37518.97,6.3,60.0,64361.55,0.3632,617.0,45.0,16.0,5.0,11.0,0,Master's
28749.29,6.91,84.0,76505.0,0.4133,575.0,44.0,13.0,5.0,11.0,0,Some College
12797.55,5.21,72.0,90849.45,0.2093,579.0,35.0,16.0,3.0,22.0,0,Master's
26584.74,6.55,48.0,61324.1,0.347,796.0,,14.0,4.0,2.0,0,Bachelor's
28350.84,6.27,72.0,98668.01,0.2721,563.0,41.0,16.0,2.0,15.0,1,Master's
36557.74,7.41,48.0,58776.79,0.3368,659.0,39.0,16.0,4.0,9.0,0,Master's
28369.22,6.27,36.0,83086.81,0.2671,645.0,42.0,15.0,3.0,8.0,0,Bachelor's
17596.62,6.67,60.0,108700.2,0.2176,485.0,43.0,16.0,2.0,18.0,1,Master's
26037.54,7.79,84.0,69690.98,0.2552,574.0,59.0,16.0,3.0,12.0,0,Master's
29283.21,3.94,84.0,86974.13,0.4125,552.0,42.0,16.0,6.0,17.0,1,Master's
35553.34,7.69,72.0,74263.36,0.4978,457.0,31.0,15.0,6.0,19.0,0,Bachelor's
18415.73,5.84,72.0,70673.28,0.3194,720.0,50.0,17.0,4.0,5.0,0,Master's
25823.58,6.19,72.0,79299.1,0.4235,553.0,39.0,17.0,5.0,14.0,0,Master's
,7.49,60.0,98557.48,0.3267,464.0,42.0,15.0,3.0,17.0,1,Bachelor's
27103.44,7.53,72.0,74668.93,0.4262,499.0,43.0,18.0,5.0,15.0,0,Doctorate
30749.53,6.07,60.0,92975.71,0.2402,582.0,36.0,15.0,3.0,18.0,0,Bachelor's
42521.19,4.87,36.0,102260.72,0.1439,585.0,41.0,15.0,2.0,18.0,0,Bachelor's
23906.34,10.36,36.0,59892.96,0.3729,412.0,40.0,17.0,4.0,19.0,1,Master's
27911.68,5.33,60.0,79566.23,0.2395,618.0,44.0,17.0,4.0,16.0,0,Master's
24865.38,8.94,48.0,78197.08,0.202,552.0,30.0,17.0,2.0,20.0,1,Master's
37289.19,7.96,60.0,102324.53,0.2716,530.0,35.0,16.0,1.0,15.0,1,Master's
23736.29,6.36,60.0,70147.12,0.3803,522.0,,12.0,6.0,15.0,0,Some College
26230.81,7.16,60.0,73766.26,0.3806,529.0,40.0,17.0,5.0,15.0,1,Master's
28213.19,7.58,72.0,78431.9,0.263,511.0,40.0,13.0,3.0,21.0,1,Some College
28632.35,5.98,84.0,76158.18,0.4143,634.0,45.0,,5.0,8.0,1,Master's
15626.64,7.02,84.0,75055.65,0.2686,694.0,51.0,19.0,2.0,6.0,0,Doctorate
32404.15,3.66,72.0,109599.21,0.2773,616.0,33.0,14.0,4.0,17.0,1,Bachelor's
20814.89,8.14,48.0,84533.07,0.299,494.0,44.0,16.0,3.0,15.0,0,Master's
25700.39,6.26,60.0,84619.71,0.2839,634.0,37.0,12.0,3.0,13.0,0,Some College
36092.52,7.14,72.0,50710.13,0.3747,674.0,33.0,17.0,5.0,13.0,0,Master's
30960.66,7.13,60.0,82912.27,0.3452,542.0,37.0,17.0,4.0,15.0,1,Master's
26851.82,7.36,72.0,56670.06,0.4631,462.0,48.0,14.0,7.0,17.0,0,Bachelor's
24199.98,6.1,60.0,70776.24,0.4798,570.0,38.0,,6.0,12.0,0,Master's
35415.77,7.26,48.0,70661.68,0.3176,632.0,41.0,15.0,4.0,9.0,0,Bachelor's
22401.26,7.87,72.0,103067.44,0.2813,539.0,35.0,12.0,1.0,15.0,1,Some College
34530.9,9.59,72.0,62995.43,0.3624,495.0,36.0,15.0,4.0,19.0,1,Bachelor's
22874.79,7.14,84.0,79931.7,0.3157,621.0,33.0,16.0,3.0,15.0,0,Master's
43537.43,7.18,72.0,85699.65,0.404,517.0,41.0,13.0,4.0,14.0,0,Some College
17954.65,6.23,72.0,73367.13,0.4038,491.0,39.0,15.0,6.0,21.0,1,Bachelor's
26207.11,7.09,84.0,71063.45,0.2955,571.0,35.0,16.0,4.0,20.0,0,Master's
31979.64,6.2,60.0,68781.78,0.3189,657.0,40.0,17.0,4.0,11.0,0,Master's
33351.4,6.74,36.0,85236.6,0.2312,565.0,48.0,14.0,,12.0,0,Bachelor's
26896.87,9.01,96.0,96142.14,0.4078,513.0,40.0,13.0,2.0,11.0,0,Some College
23508.95,7.24,60.0,61789.74,0.395,519.0,40.0,17.0,6.0,17.0,0,Master's
25972.96,5.54,48.0,60647.78,0.4803,490.0,41.0,16.0,8.0,18.0,0,Master's
31012.14,7.21,48.0,79107.78,0.2697,578.0,46.0,19.0,3.0,12.0,0,Doctorate
31638.92,9.79,36.0,57343.93,0.3227,433.0,45.0,18.0,4.0,19.0,1,Doctorate
23150.24,6.64,84.0,70421.25,0.3151,598.0,30.0,,5.0,21.0,0,Some College
33137.42,7.31,72.0,69090.19,0.202,504.0,45.0,15.0,4.0,25.0,1,Bachelor's
32515.73,6.6,48.0,81000.96,0.2804,633.0,36.0,13.0,3.0,12.0,0,Some College
18497.94,6.7,72.0,92173.47,0.2744,505.0,45.0,18.0,3.0,,1,Doctorate
19487.88,6.57,108.0,69220.29,0.3624,669.0,25.0,18.0,5.0,18.0,0,Doctorate
26080.06,9.04,48.0,76818.95,0.3693,493.0,30.0,17.0,4.0,17.0,0,Master's
31925.75,3.43,72.0,105209.75,0.35,612.0,36.0,15.0,5.0,15.0,1,Bachelor's
41530.52,7.09,,76139.83,0.2938,602.0,40.0,15.0,3.0,12.0,0,Bachelor's
31018.13,4.42,84.0,77769.66,0.4002,573.0,56.0,18.0,6.0,12.0,1,Doctorate
24495.14,5.92,60.0,85650.97,0.4677,525.0,36.0,16.0,6.0,14.0,0,Master's
28346.36,8.08,96.0,82963.22,0.303,651.0,49.0,18.0,2.0,6.0,0,Doctorate
39414.12,8.45,48.0,57037.25,0.312,480.0,49.0,15.0,5.0,18.0,1,Bachelor's
17819.77,7.04,72.0,97472.4,0.3467,506.0,43.0,15.0,3.0,14.0,1,Bachelor's
30858.04,7.28,72.0,100248.26,0.2957,541.0,40.0,17.0,2.0,14.0,0,Master's
20886.94,5.11,,52651.09,0.4412,615.0,53.0,19.0,7.0,13.0,1,Doctorate
26259.11,6.08,96.0,70512.48,0.4128,594.0,46.0,12.0,5.0,13.0,1,Some College
29850.56,8.47,60.0,46597.54,0.3954,675.0,34.0,14.0,5.0,9.0,0,Bachelor's
17042.68,6.14,72.0,80750.0,0.3292,552.0,46.0,14.0,4.0,16.0,1,Bachelor's
19710.22,6.71,48.0,76783.11,0.3799,492.0,48.0,14.0,5.0,14.0,1,Bachelor's
35419.98,9.71,84.0,82928.17,0.4903,586.0,27.0,17.0,3.0,7.0,1,Master's
28095.61,6.88,48.0,65642.87,0.3195,642.0,42.0,16.0,4.0,10.0,0,Master's
34469.95,5.39,60.0,69058.46,0.3565,420.0,56.0,17.0,,22.0,1,Master's
27171.13,8.13,84.0,75134.57,0.3778,574.0,47.0,11.0,3.0,10.0,0,High School
21831.31,6.53,36.0,75114.19,0.3327,750.0,32.0,16.0,3.0,3.0,0,Master's
26493.24,2.98,84.0,64723.06,0.2383,575.0,59.0,15.0,7.0,23.0,1,Bachelor's
34665.31,6.31,60.0,78889.02,0.4983,617.0,31.0,17.0,6.0,8.0,0,Master's
30047.78,5.28,72.0,77971.85,0.3587,497.0,43.0,17.0,6.0,21.0,1,Master's
24412.33,7.3,48.0,93670.24,0.2655,541.0,41.0,13.0,2.0,14.0,1,Some College
18929.47,6.86,72.0,85651.81,0.3004,568.0,32.0,16.0,3.0,18.0,0,Master's
24926.05,8.81,84.0,,0.3743,476.0,46.0,13.0,3.0,14.0,0,Some College
22819.29,6.68,48.0,76951.57,0.2349,549.0,45.0,17.0,3.0,18.0,1,Master's
33679.34,7.44,60.0,102490.34,0.2701,509.0,40.0,17.0,2.0,16.0,1,Master's
19358.79,3.93,96.0,71471.82,0.3722,588.0,51.0,15.0,7.0,17.0,1,Bachelor's
30321.34,8.88,84.0,77037.58,0.3621,545.0,36.0,16.0,3.0,14.0,1,Master's
35431.83,8.11,36.0,64916.83,0.4979,419.0,51.0,17.0,6.0,12.0,1,Master's
23164.0,4.5,,76681.59,0.2167,601.0,49.0,14.0,4.0,19.0,1,Bachelor's
21941.02,5.14,48.0,77878.26,0.2689,720.0,37.0,18.0,4.0,9.0,0,Doctorate
25615.54,7.03,84.0,94970.59,0.2266,629.0,53.0,16.0,1.0,8.0,0,Master's
16984.15,7.41,84.0,89903.3,0.3125,571.0,47.0,14.0,2.0,11.0,0,Bachelor's
25983.07,6.74,48.0,50446.99,0.4891,504.0,36.0,15.0,8.0,19.0,0,Bachelor's
23915.04,6.8,48.0,84102.46,0.2698,532.0,43.0,14.0,3.0,,1,Bachelor's
31968.78,8.23,72.0,79788.1,0.3401,,38.0,14.0,3.0,14.0,1,Bachelor's
41250.76,4.83,84.0,69302.19,0.2891,594.0,52.0,17.0,5.0,18.0,1,Master's
31505.49,10.64,36.0,63543.09,0.4065,475.0,36.0,15.0,4.0,13.0,1,Bachelor's
13112.02,2.24,96.0,52325.22,0.3186,620.0,65.0,18.0,8.0,19.0,1,Doctorate
26716.3,4.87,48.0,48764.02,0.365,723.0,47.0,12.0,6.0,7.0,0,Some College
27261.35,6.95,72.0,61580.98,0.3743,598.0,48.0,17.0,5.0,11.0,0,Master's
28068.6,7.54,84.0,65917.03,0.443,509.0,35.0,14.0,6.0,18.0,0,Bachelor's
22207.26,6.31,72.0,84273.49,0.3609,572.0,47.0,15.0,4.0,12.0,1,Bachelor's
13385.66,7.76,48.0,80091.4,0.4001,557.0,38.0,16.0,4.0,10.0,1,Master's
25035.63,7.87,96.0,96765.72,0.4847,462.0,31.0,13.0,4.0,17.0,0,Some College
22963.69,7.52,72.0,79531.34,0.4167,542.0,37.0,15.0,4.0,14.0,0,Bachelor's
37116.33,3.5,60.0,78383.09,0.1958,701.0,37.0,16.0,4.0,17.0,0,Master's
28828.78,5.38,60.0,95957.4,0.1879,567.0,45.0,17.0,3.0,18.0,0,Master's
31353.16,6.61,48.0,68830.73,0.2945,510.0,51.0,14.0,5.0,17.0,1,Bachelor's
20353.34,7.79,48.0,85400.52,0.2609,472.0,46.0,18.0,3.0,18.0,0,Doctorate
32315.87,6.63,72.0,80287.97,0.3138,556.0,48.0,14.0,4.0,14.0,1,Bachelor's
22025.62,4.92,72.0,86448.76,0.3868,506.0,44.0,15.0,6.0,18.0,1,Bachelor's
38082.55,6.81,48.0,82070.86,0.4158,435.0,42.0,18.0,6.0,18.0,1,Doctorate
34246.78,7.46,84.0,70641.09,0.4575,513.0,47.0,13.0,5.0,13.0,1,Some College
27678.31,4.86,60.0,73313.49,0.3041,777.0,50.0,16.0,4.0,1.0,0,Master's
34440.39,6.01,72.0,84036.96,0.1781,516.0,43.0,16.0,3.0,25.0,1,Master's
24983.75,5.1,48.0,75967.57,0.2454,724.0,33.0,15.0,4.0,12.0,0,Bachelor's
19687.03,7.65,72.0,76091.28,0.433,447.0,42.0,16.0,5.0,17.0,0,Master's
24092.94,8.6,84.0,65038.8,0.4017,589.0,35.0,16.0,4.0,13.0,0,Master's
34014.87,8.76,48.0,71627.68,0.3289,525.0,40.0,16.0,3.0,14.0,0,Master's
41297.06,6.05,72.0,77173.59,0.2609,518.0,49.0,16.0,4.0,21.0,1,Master's
25559.48,5.43,60.0,77757.17,0.25,571.0,51.0,18.0,4.0,16.0,1,Doctorate
31306.54,6.45,84.0,78953.97,0.3565,699.0,48.0,13.0,3.0,4.0,0,Some College
26733.14,6.91,84.0,72759.93,0.4059,581.0,45.0,16.0,5.0,11.0,0,
26752.1,8.4,72.0,78833.63,0.4033,389.0,42.0,18.0,5.0,21.0,0,Doctorate
29346.66,8.9,60.0,75177.2,0.3425,588.0,29.0,14.0,3.0,13.0,1,Bachelor's
25278.65,7.8,72.0,93117.01,0.4017,443.0,43.0,15.0,4.0,16.0,0,Bachelor's
28674.43,7.76,48.0,62191.54,0.3708,476.0,48.0,16.0,5.0,17.0,1,Master's
24288.07,2.62,72.0,97849.12,0.2856,547.0,50.0,14.0,5.0,20.0,1,Bachelor's
15785.17,5.7,48.0,82411.9,0.2432,678.0,44.0,16.0,3.0,9.0,0,Master's
23141.09,8.37,84.0,49457.25,0.4141,619.0,33.0,15.0,5.0,15.0,0,Bachelor's
38660.44,7.86,84.0,79323.92,0.3667,591.0,42.0,13.0,3.0,10.0,0,Some College
39610.86,6.62,48.0,71131.49,0.3833,365.0,56.0,12.0,6.0,21.0,1,Some College
39905.09,8.5,72.0,98515.72,0.4673,589.0,32.0,12.0,3.0,4.0,1,Some College
17463.1,5.28,36.0,82807.3,0.213,676.0,41.0,17.0,3.0,11.0,0,Master's
19248.33,7.65,84.0,79829.68,0.4145,578.0,43.0,18.0,4.0,9.0,1,Doctorate
27239.64,7.6,48.0,71123.54,0.4707,349.0,47.0,18.0,7.0,20.0,1,Doctorate
29673.61,7.02,84.0,77124.24,0.3762,615.0,45.0,18.0,,9.0,0,Doctorate
36590.54,5.49,60.0,76057.9,0.4145,512.0,43.0,16.0,6.0,17.0,0,Master's
30804.93,6.84,,60642.81,0.2896,455.0,51.0,13.0,6.0,24.0,1,Some College
35575.4,6.39,72.0,68713.82,0.4311,703.0,40.0,16.0,5.0,4.0,0,Master's
27685.59,6.72,60.0,80132.01,0.3106,612.0,40.0,16.0,3.0,11.0,1,Master's
32437.95,7.52,,87387.56,0.4369,476.0,,17.0,4.0,15.0,0,Master's
18556.15,6.24,72.0,98686.28,0.2967,469.0,45.0,15.0,3.0,19.0,1,Bachelor's
23750.93,5.95,84.0,93708.34,,566.0,47.0,15.0,3.0,14.0,1,Bachelor's
23905.16,7.85,72.0,61869.17,0.4863,451.0,43.0,16.0,7.0,17.0,0,Master's
35042.87,8.09,60.0,,0.3077,512.0,43.0,14.0,3.0,15.0,1,Bachelor's
31208.6,11.97,60.0,97703.61,0.3703,450.0,24.0,16.0,0.0,14.0,1,Master's
26447.52,8.65,60.0,63685.14,0.3552,523.0,37.0,12.0,4.0,17.0,0,Some College
35426.69,7.68,,92704.85,0.2663,490.0,37.0,16.0,2.0,21.0,1,Master's
15080.0,5.97,60.0,69271.73,0.3074,681.0,50.0,18.0,,7.0,0,Doctorate
35436.44,10.88,108.0,36884.85,0.5369,586.0,26.0,15.0,6.0,14.0,0,Bachelor's
24772.54,6.88,72.0,62239.72,0.39,569.0,44.0,17.0,6.0,14.0,0,Master's
47487.02,5.17,60.0,98914.62,0.4742,506.0,34.0,13.0,6.0,15.0,1,Some College
26522.77,7.05,84.0,68960.5,0.3383,716.0,47.0,17.0,3.0,4.0,1,Master's
31298.66,7.83,36.0,82356.78,0.3074,601.0,43.0,18.0,2.0,7.0,0,Doctorate
29619.97,8.1,72.0,78628.73,0.3771,546.0,42.0,15.0,4.0,12.0,1,Bachelor's
21731.59,5.18,60.0,57088.31,0.4083,630.0,43.0,14.0,7.0,12.0,0,Bachelor's
36196.17,5.91,48.0,101737.24,0.182,526.0,43.0,16.0,2.0,18.0,0,Master's
28804.56,7.28,72.0,61997.45,0.3663,707.0,31.0,13.0,4.0,9.0,0,Some College
39230.5,6.29,,73618.91,0.3267,566.0,40.0,16.0,5.0,18.0,1,Master's
31519.22,8.1,48.0,55765.42,0.3254,472.0,49.0,14.0,5.0,19.0,1,Bachelor's
14840.99,6.97,48.0,98246.07,0.2604,581.0,39.0,19.0,2.0,12.0,0,Doctorate
14385.27,8.75,72.0,42760.6,0.5113,405.0,49.0,15.0,8.0,,1,Bachelor's
36364.16,8.76,48.0,58594.71,0.3803,628.0,44.0,17.0,4.0,5.0,0,Master's
23914.36,4.62,,103019.33,0.1778,589.0,34.0,17.0,3.0,22.0,0,Master's
29731.16,7.47,60.0,87765.14,0.4106,516.0,33.0,17.0,4.0,14.0,1,Master's
34895.09,5.0,48.0,,0.2561,664.0,38.0,16.0,4.0,15.0,0,Master's
22061.11,5.87,60.0,57891.08,0.3559,613.0,49.0,16.0,6.0,13.0,0,Master's
35561.88,6.77,48.0,65413.85,0.2961,639.0,45.0,17.0,4.0,10.0,0,Master's
8779.17,6.35,72.0,73455.35,0.3582,602.0,48.0,16.0,4.0,11.0,0,Master's
34223.73,5.98,,75561.27,0.3021,709.0,35.0,14.0,4.0,9.0,0,Bachelor's
14045.55,9.37,96.0,102490.41,0.3279,401.0,49.0,13.0,1.0,17.0,0,Some College
35894.15,3.67,60.0,106329.14,0.2494,492.0,57.0,22.0,4.0,18.0,1,Doctorate
36168.35,6.97,72.0,84094.17,0.3394,542.0,47.0,15.0,4.0,13.0,1,Bachelor's
28273.54,5.99,72.0,69796.88,0.4706,399.0,48.0,15.0,8.0,21.0,1,Bachelor's
29116.49,7.04,84.0,77919.11,0.2889,722.0,45.0,15.0,2.0,6.0,0,Bachelor's
31743.72,7.9,60.0,108836.85,0.2488,494.0,42.0,14.0,1.0,15.0,1,Bachelor's
32102.37,5.19,48.0,51011.84,0.412,682.0,41.0,15.0,7.0,10.0,0,Bachelor's
30108.96,5.28,60.0,57304.17,0.4185,662.0,43.0,,7.0,10.0,0,Doctorate
29139.51,2.95,72.0,95465.76,0.3962,500.0,49.0,15.0,7.0,18.0,1,Bachelor's
25222.21,5.88,36.0,90489.54,0.2759,674.0,40.0,16.0,3.0,7.0,0,Master's
27368.3,8.27,84.0,78041.79,,570.0,46.0,14.0,3.0,12.0,0,Bachelor's
28764.83,10.79,60.0,92576.39,0.3627,511.0,29.0,13.0,1.0,11.0,1,Some College
23301.69,5.64,60.0,104695.35,0.3227,545.0,30.0,18.0,3.0,18.0,1,Doctorate
21868.92,6.29,84.0,70295.17,0.431,596.0,48.0,17.0,5.0,10.0,1,Master's
14181.88,6.11,84.0,77978.64,0.305,526.0,47.0,16.0,5.0,19.0,1,Master's
20031.12,7.19,60.0,68381.23,0.4667,544.0,35.0,18.0,6.0,14.0,0,Doctorate
27362.36,5.77,60.0,82322.82,0.3851,608.0,45.0,16.0,5.0,9.0,0,Master's
30440.15,5.83,60.0,83349.32,0.4268,566.0,39.0,,5.0,12.0,1,Bachelor's
24482.92,6.94,84.0,91018.74,0.3498,611.0,44.0,14.0,3.0,9.0,0,Bachelor's
28901.99,3.82,96.0,86423.42,0.4078,607.0,54.0,17.0,6.0,10.0,0,Master's
28477.36,5.87,84.0,84360.09,0.2701,524.0,47.0,16.0,4.0,20.0,1,Master's
18967.37,8.0,84.0,52889.69,0.3567,577.0,35.0,15.0,5.0,19.0,0,Bachelor's
32838.87,11.37,60.0,83605.69,0.2858,507.0,,16.0,0.0,,1,Master's
24652.75,7.75,48.0,71350.37,0.3021,578.0,44.0,14.0,3.0,11.0,0,Bachelor's
48385.62,5.37,48.0,77890.83,0.2421,708.0,34.0,17.0,3.0,13.0,0,Master's
27129.8,5.69,60.0,91388.12,0.5211,468.0,43.0,17.0,6.0,,1,Master's
27916.78,5.74,72.0,79286.65,0.3217,706.0,27.0,17.0,4.0,13.0,0,Master's
21738.28,5.24,72.0,71320.5,0.2329,589.0,34.0,18.0,5.0,25.0,0,Doctorate
24197.23,,24.0,83245.73,0.2636,612.0,45.0,18.0,3.0,8.0,0,Doctorate
35708.43,7.9,60.0,,0.3667,630.0,39.0,13.0,3.0,8.0,0,Some College
39077.87,7.81,60.0,66182.03,0.3631,653.0,38.0,15.0,4.0,8.0,0,Bachelor's
30567.72,,36.0,84513.75,0.3363,619.0,38.0,18.0,3.0,7.0,1,Doctorate
30502.07,7.58,60.0,59454.89,0.3918,706.0,30.0,16.0,4.0,7.0,0,Master's
36239.68,9.11,72.0,71461.96,0.4237,613.0,25.0,16.0,4.0,12.0,0,Master's
40253.02,3.7,72.0,94874.01,0.2584,527.0,51.0,18.0,5.0,21.0,1,Doctorate
13414.71,4.82,48.0,69955.54,0.2634,736.0,38.0,16.0,4.0,10.0,0,Master's
24587.19,9.35,48.0,61293.55,0.3395,533.0,38.0,16.0,4.0,15.0,1,Master's
15286.43,,48.0,46496.93,0.6,373.0,40.0,14.0,7.0,15.0,1,Bachelor's
17031.22,5.45,72.0,56509.43,0.325,766.0,33.0,14.0,5.0,10.0,0,Bachelor's
35613.84,7.84,60.0,59032.13,0.3597,637.0,,17.0,4.0,11.0,0,Master's
36086.45,6.54,84.0,66596.63,0.3939,611.0,44.0,14.0,5.0,12.0,1,Bachelor's
21991.05,7.53,84.0,73797.64,,560.0,40.0,13.0,4.0,14.0,0,Some College
30775.76,7.06,60.0,96214.52,0.3249,456.0,43.0,16.0,3.0,18.0,1,Master's
19240.51,6.74,84.0,54858.72,0.3379,658.0,31.0,18.0,5.0,17.0,0,Doctorate
33443.39,6.74,72.0,85726.65,0.3635,533.0,42.0,13.0,4.0,15.0,1,Some College
36431.9,4.55,60.0,91081.81,0.3749,452.0,50.0,16.0,,19.0,1,Master's
35132.75,8.13,,88096.08,0.4281,369.0,35.0,16.0,5.0,24.0,0,Master's
23909.23,9.69,72.0,79769.37,0.3146,541.0,30.0,15.0,2.0,16.0,1,Bachelor's
30948.36,8.3,84.0,78218.3,0.453,606.0,38.0,11.0,4.0,7.0,1,High School
23642.85,8.64,60.0,52777.46,0.3954,602.0,39.0,12.0,5.0,11.0,0,Some College
23912.05,7.56,72.0,76021.9,0.3989,619.0,30.0,18.0,4.0,11.0,1,Doctorate
23502.64,5.49,84.0,68146.22,0.3585,620.0,48.0,18.0,5.0,13.0,1,Doctorate
36682.99,5.93,72.0,79238.25,0.3904,636.0,39.0,18.0,5.0,10.0,0,Doctorate
21481.48,6.29,48.0,96532.34,0.2915,480.0,36.0,12.0,4.0,21.0,1,Some College
33988.06,6.95,48.0,71594.46,0.3351,522.0,49.0,12.0,5.0,14.0,1,Some College
33647.82,5.66,60.0,57405.62,,562.0,41.0,20.0,8.0,15.0,0,Doctorate
30559.07,7.45,72.0,77932.65,0.3542,518.0,43.0,11.0,4.0,16.0,0,High School
27357.25,6.18,60.0,61504.35,0.4157,653.0,38.0,14.0,6.0,10.0,0,Bachelor's
34317.87,5.77,36.0,107874.18,0.2116,634.0,37.0,18.0,1.0,10.0,0,Doctorate
18240.86,12.0,48.0,23094.08,0.482,361.0,49.0,13.0,7.0,19.0,1,Some College
36344.6,8.67,84.0,70962.68,0.4848,588.0,39.0,18.0,4.0,7.0,1,
23394.96,6.6,60.0,90057.63,,493.0,38.0,14.0,4.0,18.0,1,Bachelor's
7708.34,4.76,60.0,91180.08,0.2421,602.0,46.0,17.0,3.0,15.0,1,Master's
8264.74,6.32,60.0,84497.85,0.2357,559.0,44.0,15.0,3.0,17.0,0,Bachelor's
37637.99,5.03,24.0,86290.47,0.2102,694.0,46.0,14.0,3.0,7.0,0,Bachelor's
37474.2,6.23,60.0,66690.73,0.3718,714.0,44.0,14.0,4.0,4.0,0,Bachelor's
36688.78,7.88,72.0,56192.67,0.3854,467.0,47.0,16.0,6.0,20.0,0,Master's
17652.68,9.86,48.0,,0.3271,454.0,36.0,14.0,3.0,19.0,1,Bachelor's
30746.11,7.46,72.0,73333.06,0.3413,657.0,30.0,,4.0,12.0,0,Bachelor's
20068.53,6.39,84.0,85657.99,0.2378,,45.0,16.0,3.0,19.0,1,Master's
43584.22,7.19,72.0,84981.29,0.3824,533.0,47.0,16.0,4.0,11.0,1,Master's
32316.35,8.43,84.0,77722.03,0.3371,473.0,51.0,15.0,3.0,16.0,0,Bachelor's
19893.09,5.76,60.0,69121.79,0.2758,647.0,42.0,14.0,4.0,14.0,0,
26966.3,8.94,60.0,57104.46,0.3205,527.0,40.0,17.0,4.0,18.0,1,Master's
20178.03,8.72,48.0,70547.0,0.3339,519.0,36.0,16.0,4.0,17.0,1,Master's
32819.22,10.78,72.0,92472.41,0.3818,537.0,28.0,11.0,1.0,10.0,1,High School
21024.71,6.51,60.0,81856.98,0.3908,474.0,38.0,17.0,5.0,20.0,1,Master's
35012.39,5.58,72.0,94537.26,0.2346,564.0,45.0,15.0,3.0,,1,Bachelor's
39189.65,7.15,72.0,76666.99,0.3036,500.0,45.0,15.0,4.0,19.0,1,Bachelor's
,6.17,48.0,79083.77,0.2624,622.0,45.0,18.0,3.0,12.0,0,Doctorate
29204.72,6.81,84.0,87460.01,0.3712,618.0,40.0,,3.0,9.0,1,Doctorate
15157.27,7.37,84.0,94432.21,0.3767,626.0,43.0,17.0,2.0,5.0,0,Master's
44105.23,7.68,84.0,61373.04,0.3647,544.0,42.0,16.0,5.0,17.0,1,Master's
26638.06,3.87,72.0,94851.06,0.1928,706.0,34.0,16.0,3.0,16.0,0,Master's
14172.78,,60.0,111413.13,0.2787,481.0,41.0,13.0,0.0,13.0,0,Some College
18011.44,4.98,60.0,59063.06,0.3355,711.0,51.0,15.0,5.0,7.0,0,Bachelor's
38390.59,7.53,60.0,71550.0,0.4595,429.0,38.0,15.0,6.0,20.0,0,Bachelor's
11147.07,4.9,36.0,101058.95,0.1755,616.0,49.0,17.0,2.0,11.0,0,Master's
31125.7,8.1,96.0,72959.62,0.3425,652.0,39.0,16.0,3.0,10.0,0,Master's
20378.13,6.97,36.0,97251.3,0.2553,555.0,45.0,13.0,2.0,11.0,0,Some College
19584.67,5.92,36.0,52625.48,0.4803,479.0,46.0,18.0,8.0,16.0,0,Doctorate
28601.24,8.42,72.0,60140.37,0.4158,688.0,28.0,14.0,4.0,8.0,0,Bachelor's
17516.43,6.11,60.0,64679.07,0.4029,530.0,44.0,14.0,6.0,16.0,0,Bachelor's
22311.35,6.59,60.0,57108.26,0.4468,584.0,42.0,15.0,7.0,12.0,0,Bachelor's
23094.93,6.63,36.0,70853.27,0.3156,715.0,39.0,15.0,3.0,4.0,0,Bachelor's
36637.29,7.16,60.0,70564.78,0.4294,513.0,41.0,16.0,6.0,15.0,1,Master's
20104.62,4.78,84.0,74558.81,0.3957,618.0,52.0,16.0,6.0,11.0,1,Master's
28029.53,8.41,84.0,89218.22,,497.0,,15.0,3.0,15.0,0,Bachelor's
24833.07,7.77,84.0,69615.63,0.3927,525.0,45.0,15.0,5.0,15.0,0,Bachelor's
29263.99,11.01,48.0,109798.32,0.304,466.0,25.0,15.0,0.0,14.0,1,Bachelor's
27256.23,7.78,48.0,69621.83,0.2731,571.0,48.0,17.0,3.0,12.0,1,Master's
28079.14,5.8,60.0,79035.42,0.4746,560.0,39.0,13.0,6.0,11.0,0,Some College
19138.13,8.12,,99319.78,0.3719,670.0,40.0,18.0,1.0,3.0,0,Doctorate
28677.72,4.09,,90164.99,0.162,525.0,54.0,18.0,4.0,24.0,1,Doctorate
24131.59,6.16,60.0,63254.64,0.4176,586.0,44.0,16.0,6.0,12.0,0,Master's
18119.2,7.47,60.0,104549.41,0.3184,480.0,38.0,16.0,2.0,17.0,1,Master's
,7.33,60.0,71474.9,0.3647,535.0,44.0,17.0,5.0,14.0,1,Master's
28051.87,6.6,48.0,73085.34,0.2724,591.0,41.0,16.0,4.0,15.0,0,Master's
15890.95,6.79,72.0,57309.24,0.469,521.0,42.0,19.0,7.0,16.0,0,Doctorate
30104.06,7.5,60.0,63340.29,0.3936,517.0,48.0,14.0,5.0,13.0,1,Bachelor's
38108.99,8.07,48.0,69411.84,0.3263,609.0,42.0,17.0,3.0,9.0,1,Master's
26328.06,8.84,60.0,66880.0,0.4663,510.0,35.0,14.0,5.0,13.0,1,Bachelor's
22824.9,4.13,60.0,95138.19,0.1761,480.0,53.0,15.0,4.0,25.0,0,Bachelor's
36437.17,8.41,60.0,62300.05,0.3727,611.0,40.0,16.0,4.0,9.0,0,Master's
40132.46,5.09,60.0,61397.02,0.4037,754.0,39.0,17.0,6.0,5.0,0,Master's
35316.15,8.81,60.0,20000.0,0.4489,726.0,32.0,16.0,7.0,9.0,0,Master's
43511.03,6.38,72.0,54398.37,0.4872,463.0,55.0,16.0,8.0,15.0,1,Master's
31108.74,7.83,60.0,80579.65,0.3269,641.0,40.0,13.0,2.0,7.0,0,Some College
26048.0,6.76,60.0,64059.37,0.3653,448.0,49.0,16.0,6.0,21.0,1,Master's
23256.82,8.37,72.0,79707.81,0.4503,535.0,41.0,14.0,4.0,10.0,1,Bachelor's
26394.3,6.31,60.0,76927.51,0.4646,413.0,45.0,16.0,7.0,,1,Master's
20927.94,7.71,60.0,57137.18,0.3576,616.0,35.0,17.0,5.0,14.0,0,Master's
33511.38,9.11,60.0,88330.5,0.4122,538.0,32.0,15.0,3.0,10.0,1,Bachelor's
23423.61,6.8,72.0,64694.35,0.3384,492.0,43.0,18.0,6.0,22.0,1,Doctorate
27701.97,5.5,84.0,71244.18,0.2848,555.0,51.0,16.0,5.0,19.0,1,Master's
,8.85,96.0,71619.19,0.2911,551.0,50.0,15.0,2.0,14.0,0,Bachelor's
31722.81,6.44,60.0,68292.67,0.4206,576.0,41.0,18.0,6.0,12.0,0,Doctorate
33517.51,7.31,84.0,68387.4,0.3071,665.0,51.0,18.0,3.0,7.0,0,Doctorate
18180.78,5.51,60.0,83082.59,0.3403,,44.0,17.0,5.0,15.0,1,Master's
15515.4,9.9,72.0,49233.23,0.4702,604.0,32.0,18.0,,9.0,0,Doctorate
19465.18,6.48,60.0,64913.81,0.4059,585.0,44.0,17.0,6.0,12.0,1,Master's
26411.67,9.17,48.0,69298.94,0.4374,447.0,38.0,16.0,5.0,16.0,1,Master's
29568.15,7.07,36.0,76495.66,0.2314,531.0,49.0,13.0,3.0,16.0,1,Some College
28497.34,5.61,84.0,88656.23,0.3996,589.0,44.0,15.0,5.0,11.0,1,Bachelor's
28336.52,7.25,84.0,64237.14,0.32,636.0,53.0,,4.0,9.0,0,Some College
31557.44,8.04,96.0,92484.32,0.302,585.0,44.0,18.0,2.0,11.0,0,Doctorate
36838.9,5.6,72.0,86303.8,0.2391,677.0,35.0,14.0,3.0,15.0,1,Bachelor's
23043.62,7.62,72.0,62360.48,0.3307,616.0,50.0,16.0,4.0,10.0,0,Master's
19697.54,6.82,60.0,76601.65,0.5049,415.0,33.0,17.0,7.0,21.0,0,Master's
25170.88,7.24,72.0,58724.43,0.3348,653.0,,16.0,5.0,15.0,1,Master's
33538.79,9.36,72.0,68769.55,0.3705,513.0,38.0,15.0,4.0,16.0,1,Bachelor's
38137.97,5.78,60.0,61908.9,0.4289,724.0,38.0,13.0,6.0,5.0,0,Some College
17325.46,5.46,72.0,60611.49,0.3138,,33.0,14.0,5.0,12.0,0,Bachelor's
32663.25,7.53,60.0,107930.78,0.2595,,42.0,17.0,2.0,18.0,1,Master's
26850.11,6.27,72.0,85610.53,0.2917,694.0,51.0,13.0,2.0,4.0,0,Some College
22651.62,6.38,60.0,81761.83,0.2654,628.0,39.0,14.0,3.0,13.0,0,Bachelor's
22597.47,8.2,96.0,77927.0,0.3873,510.0,44.0,17.0,4.0,15.0,0,Master's
16788.35,5.45,60.0,67564.29,0.2488,,34.0,,4.0,16.0,0,Master's
26778.55,5.89,96.0,76286.66,0.4351,647.0,45.0,16.0,5.0,8.0,1,Master's
30304.06,8.17,60.0,67282.21,0.3689,641.0,36.0,17.0,,9.0,0,Master's
21572.32,7.84,96.0,77969.64,0.3599,702.0,40.0,17.0,2.0,,0,Master's
30149.39,9.59,48.0,58028.54,0.3945,540.0,38.0,12.0,4.0,12.0,0,Some College
36468.66,6.91,60.0,53290.73,0.4769,556.0,34.0,20.0,7.0,16.0,0,Doctorate
20491.23,7.21,84.0,104950.03,0.3937,484.0,47.0,19.0,3.0,12.0,0,Doctorate
32693.7,6.28,36.0,98974.9,0.2572,600.0,42.0,,2.0,10.0,0,Master's
25378.14,4.86,72.0,95767.89,0.1773,499.0,54.0,13.0,3.0,22.0,1,Some College
33764.84,7.29,96.0,49076.66,0.3837,688.0,28.0,19.0,6.0,16.0,0,Doctorate
24741.46,6.75,72.0,76142.45,0.4189,575.0,43.0,17.0,5.0,10.0,0,Master's
28603.87,4.83,72.0,52608.32,0.2919,850.0,54.0,14.0,,0.0,0,Bachelor's
33650.39,6.31,60.0,58746.24,0.453,421.0,60.0,16.0,8.0,16.0,0,Master's
25421.53,5.56,60.0,81481.91,0.3312,533.0,46.0,15.0,5.0,16.0,1,Bachelor's
43470.98,5.71,84.0,67576.73,0.3932,579.0,52.0,13.0,6.0,13.0,1,Some College
14388.67,9.57,60.0,69722.56,0.4373,487.0,42.0,15.0,4.0,11.0,1,Bachelor's
27163.35,8.37,72.0,72960.02,0.4054,497.0,39.0,18.0,4.0,17.0,0,Doctorate
24906.86,4.94,72.0,93571.58,0.5133,476.0,39.0,16.0,7.0,15.0,1,Master's
30955.35,5.73,72.0,86759.68,0.2138,575.0,38.0,15.0,3.0,21.0,1,Bachelor's
38086.62,6.66,60.0,72739.1,0.3119,648.0,38.0,17.0,4.0,12.0,0,Master's
,6.63,72.0,68044.43,0.4027,584.0,42.0,18.0,5.0,13.0,0,Doctorate
23192.96,6.44,72.0,94972.47,0.3775,540.0,43.0,15.0,4.0,12.0,1,Bachelor's
19885.72,8.69,84.0,80369.31,0.4511,386.0,42.0,17.0,5.0,20.0,0,Master's
25164.66,6.97,60.0,84895.42,0.4189,468.0,37.0,14.0,5.0,17.0,1,Bachelor's
29647.33,,48.0,68677.23,0.3463,540.0,39.0,15.0,4.0,13.0,1,Bachelor's
27543.66,6.93,84.0,63774.25,0.3549,710.0,39.0,13.0,4.0,8.0,0,Some College
25227.62,8.12,72.0,73129.16,0.3579,615.0,33.0,14.0,3.0,12.0,0,Bachelor's
30640.53,9.94,84.0,73971.83,0.3718,360.0,49.0,15.0,4.0,21.0,0,Bachelor's
37269.98,6.04,72.0,84611.35,0.3933,744.0,40.0,16.0,3.0,0.0,0,Master's
22803.16,4.94,84.0,77050.81,0.1927,571.0,48.0,17.0,4.0,23.0,1,Master's
35290.05,9.37,60.0,111818.47,0.2713,477.0,30.0,13.0,0.0,17.0,1,Some College
39502.16,8.98,60.0,85834.54,0.3609,529.0,35.0,14.0,3.0,12.0,0,Bachelor's
31845.43,6.0,36.0,82986.74,0.258,622.0,39.0,11.0,,12.0,0,High School
24000.34,5.29,60.0,69821.67,0.3955,354.0,58.0,14.0,8.0,25.0,1,Bachelor's
26191.96,8.29,48.0,68939.86,0.5909,300.0,44.0,17.0,8.0,19.0,1,Master's
36666.83,5.21,72.0,78657.99,0.2702,538.0,,16.0,5.0,19.0,1,Master's
,4.17,84.0,75461.93,0.3191,603.0,51.0,14.0,6.0,16.0,1,Bachelor's
27868.23,6.68,72.0,85946.38,0.336,514.0,45.0,15.0,4.0,16.0,1,Bachelor's
22006.03,7.27,36.0,75639.22,,342.0,52.0,16.0,7.0,16.0,1,Master's
19231.85,,84.0,72711.69,0.3913,587.0,43.0,14.0,5.0,15.0,1,Bachelor's
21372.62,6.67,,91705.0,0.3363,633.0,47.0,19.0,3.0,7.0,0,Doctorate
25238.99,9.91,48.0,49428.78,0.4707,454.0,43.0,16.0,6.0,14.0,1,Master's
38962.59,5.59,60.0,72766.54,0.4675,542.0,37.0,15.0,7.0,15.0,0,Bachelor's
27712.59,5.52,48.0,101467.96,0.2081,615.0,37.0,15.0,2.0,14.0,0,Bachelor's
31241.57,6.37,60.0,81354.04,0.5554,383.0,31.0,18.0,8.0,22.0,0,Doctorate
21961.38,8.6,48.0,75622.23,0.3441,545.0,42.0,15.0,3.0,,1,Bachelor's
29850.7,6.38,60.0,82893.0,0.3716,470.0,42.0,14.0,5.0,19.0,1,Bachelor's
25219.95,5.5,72.0,78142.99,0.2657,628.0,35.0,14.0,4.0,19.0,0,Bachelor's
15416.71,8.88,60.0,67925.97,0.3977,568.0,40.0,17.0,4.0,10.0,0,
40481.83,7.55,,88538.96,0.5297,389.0,42.0,12.0,6.0,13.0,1,Some College
38105.74,5.48,24.0,,0.1602,553.0,46.0,16.0,1.0,15.0,0,Master's
33491.62,6.37,84.0,77739.51,0.3434,786.0,42.0,17.0,3.0,1.0,0,Master's
21586.92,7.74,72.0,77426.45,0.4202,550.0,40.0,,4.0,12.0,1,Bachelor's
24535.29,4.59,60.0,112826.99,0.1,425.0,51.0,19.0,2.0,28.0,1,Doctorate
26540.86,6.72,72.0,100651.13,0.2403,542.0,45.0,16.0,2.0,15.0,1,Master's
34757.93,7.49,36.0,60704.98,0.3273,659.0,36.0,16.0,4.0,9.0,0,Master's
37899.87,7.95,60.0,72940.06,0.3517,563.0,36.0,16.0,4.0,15.0,1,Master's
30100.34,9.02,36.0,68790.09,0.3567,551.0,41.0,15.0,3.0,10.0,0,Bachelor's
45223.67,5.97,60.0,82230.73,0.2444,606.0,32.0,13.0,4.0,19.0,0,Some College
38874.13,,84.0,78985.4,0.4003,570.0,41.0,16.0,6.0,16.0,1,Master's
35638.51,5.22,84.0,78101.21,0.3235,527.0,42.0,16.0,5.0,22.0,1,Master's
28737.13,7.77,72.0,94041.75,0.3021,544.0,37.0,14.0,2.0,15.0,1,Bachelor's
40564.44,10.28,60.0,79525.98,0.3741,507.0,30.0,15.0,2.0,15.0,0,Bachelor's
29407.06,6.29,12.0,109035.56,0.2064,606.0,47.0,15.0,1.0,5.0,0,Bachelor's
25695.87,4.6,60.0,87358.98,0.3203,533.0,46.0,17.0,5.0,18.0,1,Master's
28909.23,5.88,48.0,76672.66,0.2562,471.0,53.0,16.0,5.0,21.0,1,Master's
31800.94,6.69,60.0,99122.63,0.2585,563.0,37.0,15.0,2.0,15.0,0,Bachelor's
25683.0,6.49,84.0,71834.61,0.3097,719.0,51.0,18.0,3.0,4.0,0,Doctorate
22178.47,7.72,60.0,99491.35,0.2326,450.0,41.0,17.0,2.0,20.0,1,Master's
30273.13,5.98,84.0,75359.04,0.2789,534.0,48.0,15.0,4.0,20.0,1,Bachelor's
31332.36,5.06,84.0,76940.75,0.2579,537.0,52.0,14.0,5.0,21.0,1,Bachelor's
26708.99,5.96,60.0,77441.78,0.3761,534.0,44.0,16.0,5.0,,1,Master's
22239.13,7.07,84.0,87071.72,0.399,549.0,40.0,14.0,4.0,13.0,0,Bachelor's
37060.91,5.11,72.0,72783.45,0.5202,464.0,52.0,13.0,8.0,14.0,1,Some College
,7.54,72.0,96778.16,0.3449,556.0,41.0,13.0,2.0,10.0,1,Some College
17541.83,8.84,48.0,75719.5,0.3485,476.0,35.0,17.0,4.0,18.0,1,Master's
23747.85,5.88,84.0,89306.85,0.3087,571.0,44.0,15.0,4.0,16.0,1,Bachelor's
27910.91,6.43,60.0,76055.64,0.2542,598.0,44.0,18.0,3.0,15.0,1,Doctorate
48301.08,2.0,72.0,96767.0,0.2755,516.0,57.0,16.0,6.0,20.0,1,Master's
28820.49,6.15,72.0,64557.6,0.2642,481.0,47.0,20.0,5.0,26.0,1,Doctorate
21228.17,4.42,72.0,92039.24,0.2098,,51.0,13.0,4.0,,1,Some College
24743.16,7.98,72.0,66924.29,0.4169,524.0,43.0,14.0,5.0,14.0,0,Bachelor's
33732.55,7.83,84.0,70993.55,0.4373,612.0,41.0,15.0,4.0,8.0,1,Bachelor's
,8.58,96.0,,0.2581,589.0,52.0,16.0,1.0,11.0,0,Master's
28426.71,8.12,48.0,85568.92,0.3131,541.0,41.0,14.0,3.0,12.0,0,Bachelor's
19563.06,7.15,96.0,98634.1,0.3116,,49.0,19.0,1.0,4.0,0,Doctorate
35541.27,4.27,60.0,89115.46,0.3376,482.0,50.0,18.0,6.0,19.0,1,Doctorate
30901.82,8.03,48.0,60137.03,0.3269,482.0,48.0,14.0,5.0,18.0,1,Bachelor's
34340.16,8.66,72.0,77412.33,0.4167,576.0,39.0,15.0,3.0,9.0,1,Bachelor's
25729.62,7.08,72.0,82298.65,0.424,542.0,38.0,13.0,5.0,13.0,0,Some College
21545.56,4.51,84.0,78281.47,0.277,544.0,55.0,16.0,,19.0,1,Master's
29181.27,8.13,36.0,69643.16,0.4664,354.0,,15.0,6.0,18.0,1,Bachelor's
31738.94,7.18,72.0,89881.02,0.211,505.0,39.0,13.0,2.0,22.0,0,Some College
34597.0,5.76,72.0,79670.65,0.248,499.0,47.0,15.0,4.0,23.0,1,Bachelor's
34117.52,8.09,84.0,86551.65,0.3902,467.0,44.0,16.0,4.0,16.0,0,Master's
35348.2,4.4,84.0,66856.18,0.1701,508.0,56.0,17.0,5.0,28.0,0,Master's
33916.51,8.02,96.0,58188.21,0.4677,724.0,21.0,18.0,5.0,10.0,0,Doctorate
18104.16,7.68,84.0,96408.53,0.4563,586.0,34.0,16.0,3.0,7.0,0,Master's
32203.79,6.08,72.0,80989.09,0.3897,577.0,46.0,17.0,5.0,11.0,0,Master's
40581.53,5.67,60.0,88238.38,0.468,475.0,41.0,19.0,6.0,15.0,1,Doctorate
23841.27,7.59,72.0,70727.99,0.3861,648.0,34.0,18.0,4.0,10.0,0,Doctorate
29303.18,5.7,48.0,59873.23,0.4765,498.0,41.0,14.0,,17.0,0,Bachelor's
19090.27,9.55,60.0,,0.4726,692.0,35.0,15.0,5.0,3.0,0,Bachelor's
30239.16,6.49,84.0,84489.17,0.3185,568.0,44.0,14.0,4.0,15.0,1,Bachelor's
16906.0,7.3,84.0,67855.89,0.2639,695.0,51.0,15.0,2.0,7.0,0,Bachelor's
17067.73,4.21,72.0,96705.41,0.2894,531.0,55.0,13.0,4.0,16.0,1,Some College
21923.79,8.64,96.0,96416.97,0.4176,550.0,33.0,17.0,2.0,12.0,1,Master's
27908.05,5.17,72.0,70430.67,0.2856,713.0,35.0,17.0,4.0,14.0,1,Master's
26624.28,7.25,72.0,74784.11,0.4068,491.0,40.0,15.0,5.0,18.0,0,Bachelor's
36317.22,6.05,72.0,97226.8,0.3047,527.0,46.0,13.0,3.0,15.0,0,Some College
12068.39,6.56,60.0,62468.33,0.4399,486.0,43.0,16.0,7.0,18.0,0,Master's
18175.34,5.48,72.0,73989.64,0.4596,460.0,47.0,15.0,7.0,19.0,1,Bachelor's
31176.07,5.23,60.0,75131.18,0.3332,683.0,51.0,15.0,4.0,6.0,0,Bachelor's
42473.0,8.91,48.0,94770.92,0.3011,446.0,40.0,18.0,2.0,17.0,1,Doctorate
18787.26,7.03,72.0,80628.06,0.2882,541.0,40.0,18.0,4.0,19.0,1,Doctorate
26543.88,7.21,,83484.22,0.3652,570.0,44.0,13.0,4.0,11.0,0,Some College
35035.25,4.04,72.0,88445.19,,541.0,47.0,17.0,6.0,14.0,1,Master's
26333.14,7.08,72.0,63095.64,0.4538,586.0,34.0,15.0,6.0,14.0,0,Bachelor's
20495.83,4.46,36.0,55817.35,0.5148,562.0,33.0,15.0,9.0,16.0,0,Bachelor's
26944.22,9.14,48.0,57766.91,0.3662,,40.0,18.0,4.0,15.0,1,Doctorate
24660.08,5.04,84.0,56438.9,0.3361,609.0,49.0,18.0,6.0,18.0,1,Doctorate
27465.87,8.08,96.0,85112.14,0.3274,607.0,48.0,15.0,2.0,9.0,0,Bachelor's
40236.27,5.57,84.0,78278.38,0.2917,533.0,47.0,12.0,,20.0,1,Some College
36935.64,5.48,60.0,89620.61,0.5301,,42.0,18.0,7.0,17.0,1,Doctorate
29053.87,7.12,72.0,65285.66,0.34,573.0,41.0,18.0,5.0,16.0,1,Doctorate
27982.75,5.55,72.0,72724.18,0.2663,519.0,48.0,19.0,5.0,22.0,1,Doctorate
20847.88,8.45,60.0,64987.69,0.3568,569.0,38.0,14.0,4.0,14.0,0,Bachelor's
38549.82,6.25,36.0,80298.28,0.2864,686.0,43.0,16.0,3.0,5.0,0,Master's
22618.91,11.95,72.0,76947.2,0.3592,,26.0,15.0,1.0,17.0,1,Bachelor's
20781.99,7.07,24.0,70449.89,0.3012,643.0,43.0,15.0,3.0,7.0,0,Bachelor's
35773.78,5.0,60.0,83855.97,0.4113,450.0,52.0,17.0,6.0,17.0,1,Master's
25333.21,5.4,84.0,70967.02,0.2924,582.0,51.0,14.0,5.0,17.0,0,Bachelor's
22108.67,6.13,72.0,77977.29,0.2529,514.0,50.0,13.0,4.0,20.0,1,Some College
22767.97,7.78,84.0,83923.9,0.3267,672.0,46.0,16.0,2.0,4.0,0,Master's
35642.95,5.61,96.0,67614.65,0.3149,539.0,44.0,14.0,6.0,23.0,1,Bachelor's
40152.74,5.96,60.0,65180.6,0.2966,699.0,50.0,16.0,4.0,7.0,0,Master's
33804.43,6.26,72.0,54346.35,0.3181,775.0,48.0,16.0,4.0,3.0,0,Master's
42873.87,6.16,60.0,78979.3,0.2621,652.0,36.0,16.0,3.0,14.0,0,Master's
