"x1","x2","x3","x4","x5","x6","x7","x8","x9","x10","x11","x12"
0.873241492154641,-0.854369608445509,-2.37058861098907,1.22871144110336,-0.486519980676296,-0.251520598799312,-2.49081701359618,-0.626111340107697,-0.370252462057325,-0.0304977142158843,-1.63373738864912,-4.89271862084346
-0.967133749223398,-1.28569723282085,2.28150993575542,1.21669507289723,2.53197799504945,2.10682168422768,0.721920268501209,5.12785833458472,-1.09942309701724,-1.15931493259585,-1.10737212021357,-0.823503584980206
0.0419575504633903,0.54849049250607,-0.116485515516141,-2.70670699934768,-1.83185124965755,-1.23061717882364,-2.61239722625504,-2.92390879745196,-2.63143357658015,-1.33966580643721,3.86701834409668,-0.879249096896702
-0.399976573285854,0.29669814383389,0.373422197446417,-0.983692504399796,0.111079047345758,-1.05186363031953,0.602969244708202,0.377068549285044,-3.26253292525253,0.314422867571796,-0.337005993482535,1.89156429831703
-2.21535804849896,-1.42272580018907,-1.30166291127144,-3.28558715479704,0.340626048992704,0.0738736580838888,0.0407200029388456,-0.440342741193099,-7.95954015543064,-0.978473350584589,-3.66784775166186,-0.402440229754941
1.6931608689782,0.390095906953747,-2.23115518035442,1.12285148274023,1.30517262747335,0.99233508802879,1.72320176027558,-1.95924444966354,1.5074940643111,0.677822064311824,-0.842088732929311,2.98397931696364
2.25468503176555,1.93719806571378,0.446031651012314,-0.851311738547075,0.432743233218,-0.639100600041385,-3.01167334145333,-4.67223120025205,3.56480407584824,2.72506477069683,3.92209681638266,0.0396500261163356
2.31180655448923,-1.51835657156867,3.16862098436593,1.56008335382069,1.20248397147592,-2.26282398364841,-2.10167474225648,-2.26493806112286,2.66997384296273,3.12337033010267,1.61966634319475,2.08656185838014
4.05320214301442,1.27085504479176,1.37656875611098,0.466365156448833,0.758354440129868,1.37988434505998,3.51922174140614,1.48007978054231,5.18766920014216,2.31673838761522,4.54287533752386,2.20931051305937
0.77183608702897,-1.23257567719988,-0.196196395555323,1.7750644785739,0.387478508530199,1.89878813455311,3.20586668224493,1.11834948618893,-3.94662191223419,-1.92927535277485,-0.484361808796229,-3.00662632392346
3.31974071793701,-1.99763113706431,-2.24322638502258,-0.607099559015633,1.42776177417189,-1.07184929870125,0.757883533544255,-2.13770855930989,0.659080356142453,0.136613181278365,-1.73728196657158,1.66920558765695
-0.911041829899399,1.47897186788346,-1.80096036156339,0.0384654185496026,-0.761496246268801,0.354288442947545,-2.22450878788722,2.38217730711986,1.71542810046452,0.411245309984078,-3.61304624903177,-3.39342515987288
-0.515238682625468,0.137708623301453,0.976757215975144,1.3600188068371,1.70458171785707,3.15520569072653,6.33556962358235,3.03789544074342,0.318681983951071,1.26486572164329,-1.5063860900915,-0.935509783895992
-4.18405557586586,-3.61243952513967,-0.177520383151916,1.3742847620778,2.11319877079382,1.3143906864389,-0.471871866974211,2.10113685372639,-1.62031988648342,1.15810065296378,1.13853384360667,0.158863539153235
2.76664537110846,-1.28503633750565,0.320599420877279,1.09941623760726,1.89277496150542,1.35965710461717,0.114310178311583,-0.729194851584153,-1.57804109717554,-1.49602911624955,-2.20995662161694,-0.881197265012857
1.07065265160788,3.13689253555704,0.0481182325734282,1.09220058099498,0.79629935166558,-0.678430848087426,-0.30465634792798,2.14492634373117,3.52079708509321,0.119556763024836,0.136765508899472,0.158687586179519
1.95364093356344,2.30952422180716,0.595268099360371,1.2878323300511,1.33120367345969,2.5140645754397,6.92993300981913,4.592526218149,0.638557483590422,-1.62261992445563,-3.86974356572858,-1.97266019097072
-3.61424508914061,-2.96797261001939,-4.2542784824552,-4.30142875213091,-3.63820352589169,-5.51649587684681,-1.3440346031051,-3.236218340776,-1.04000511295048,0.641099703275848,0.50846932717894,0.21650934565526
-0.32071220760637,-0.845110327716627,-1.54574462635269,-3.45299928380728,-2.87117741770448,-4.45076144236196,-5.2973746700549,-2.95112447162538,-1.9970006445288,-3.79500337873225,5.01539049414069,2.37622935236704
-0.508265929216516,0.899451927600558,-0.0283712238282907,-0.25964197317055,1.05664816080635,0.824097917582858,-0.276310419440972,-0.1977941287235,-0.572948846556537,-0.0471581163620919,2.02311221311907,4.15943398267012
7.2739881672618,4.17160808728934,-0.563813924262722,1.74215161501581,2.04716866198794,0.670082050184666,2.63111693670798,2.99807926945951,0.427988936403709,1.42910146141028,-0.841417866688287,-2.32601079015513
-1.12457259336609,1.36784761137133,3.27459280064539,2.62895277390101,2.58940276464965,0.697445400939259,-0.463032950638079,4.94534241791939,-1.25757034557464,1.39858367048997,0.728318029944445,0.15698239770661
-1.84246689958782,-1.69087360182836,-2.28935425489334,0.896533219685911,0.942224374677814,0.747865791712,2.08186902898113,0.156946362271201,2.24262359004148,3.44614276900597,-0.289479355874799,2.39900821712582
-0.300988913119665,0.36184290093559,0.48770748082201,1.15532420687305,1.37800972661505,-0.251072901745729,1.57364366279624,-0.786135106054618,-1.93858193425461,1.12830102187716,-2.73768277059277,-0.189163916650713
4.66745451780395,0.666180616680234,-3.21883519372212,0.361516687596205,1.16217906166733,-2.17901116141338,-1.57279639736853,1.65345198813541,3.2722942477302,1.63935827990953,-0.463142184523178,-0.892170706076992
0.147227146144712,-0.589548334207408,2.87345962317787,0.431791184960571,-0.993898857565486,-0.14371034463605,-1.72110696018781,-2.91075664085129,3.033304712136,0.0876061968949364,4.25513856789725,2.35460025169733
-0.125553672598041,-0.447143258741375,1.69804589422818,0.872305481398735,2.49108773149448,0.573433910007161,2.26508848587152,1.14162003172245,4.24680898906535,2.02246020056447,3.55397284023035,1.12833555894825
2.98046750881806,1.06366129045349,0.452653048178223,2.44516690213676,1.42997405782695,-0.0136776191361184,0.00813646053036177,-0.297568944130748,-2.15043080077363,-1.4867043327064,0.479451298128361,-2.81505394719256
-0.537947051677264,1.10531600768487,-0.237889777763312,-0.701120471832016,-0.107921267098049,2.00481735647609,-1.04635391420009,0.100704476054407,-1.36347467299351,0.155252615402905,-0.876157573733691,2.55295770808555
0.982728044389411,1.43009595894273,1.04172071561178,0.70089889038442,-0.135885033030603,0.596476583361626,-0.563688974155023,0.511525742523504,-1.10375457636027,1.73083541779701,-1.43291615413139,1.28247710233551
-4.35722041623559,0.901470640859371,-3.78296285396544,-3.56922852302511,-3.18629001926352,-3.390336419353,-3.15831495754044,-4.28380356690634,1.50340049592831,0.0954642574316281,-2.36021992838778,-4.15213381987347
-2.91542391779166,-0.152397213679855,-2.00518822389972,-1.0081943291381,0.246437147912916,0.351466876850164,-4.36199399559699,3.56258838175037,-1.39427023121053,-1.14891216589389,-4.2198765131344,1.1092311463547
0.310354321126667,0.633971744219971,-0.229045013450332,0.996331219760323,0.637494197048894,1.46058848243684,3.19435836218054,2.78879419451406,-0.673289139616711,-2.61470554435664,2.39009421322872,-1.2234186908873
3.03000448031653,3.27190362355859,-0.0953736025737483,1.33833752840203,-0.554022799411424,3.14619056788757,1.53779767116535,2.44322638490864,3.78645930820968,0.954007646703093,-0.627393906948437,-0.690497504663817
-2.43360582501973,1.73179386009026,1.64510552233144,-0.924448521261297,-0.0137432090932861,-2.26780444696354,0.301607467945933,-0.752956879460386,1.76980385562175,-0.913300067754563,3.54276749740976,0.533821265063811
1.13704157408537,-1.07302711197428,-0.300934048596794,-0.543822351113057,1.31479287179656,0.147099828273112,-2.12939397928402,0.587936406100025,4.61424891489267,1.88120341756421,2.86586294304302,4.23859125335472
1.00892659743672,0.250893481637194,0.572819762870401,-0.743128575251895,-0.785576052806921,0.475011328630806,-1.83493702314086,-2.2187919482803,0.241673534888351,-0.555547836547077,-2.528154352545,-1.33519223887377
0.275626926267089,-1.1710051756877,0.593080621238915,-0.678846039412746,2.73116575710099,0.648243330730474,-0.0327238910642666,-0.348231540658234,-0.00616435095312179,-1.69733509712732,0.578746302453774,-2.27147535871668
0.585094032921903,-2.43815230103766,0.599507301920741,0.0164366232433283,-0.229696490884133,1.20462034975393,-1.23547255239665,-0.645868422172376,0.254080028517434,-0.624262713193657,0.396697635090593,0.407720156681241
-0.794592473451377,-0.767418240439309,-2.29572165878295,0.72143390094014,1.21899896631716,1.3382006444024,-3.27060518308322,2.20044210887715,2.86818488046603,1.81985671117667,-1.57760429727963,3.74556981681656
1.361318859797,0.560674197439953,-2.48519183690254,-0.094719848731069,2.60640312663734,1.57711234926767,2.45116763269392,5.1793605969768,2.4984908805297,2.75150801549113,-0.894259633634902,3.68786438680247
2.73427589264224,-1.24213328889295,-2.14741552449234,0.500684203089697,-0.254804394207862,-1.35566285374068,-3.04934058312942,-2.46736114177051,0.477140693427201,0.195922095712028,-0.299236128333254,1.1826317082085
-1.01720613857191,0.143612423119478,-0.220285381976122,-1.68460591811156,-2.21552644043643,-1.20257189712804,-1.20072650797698,-1.89959182869347,1.33680328349544,-0.712972498166613,2.01161416893088,-1.04031387040325
2.15893900299156,-0.724327697484572,1.44682439448782,-0.102174643092449,-0.0280355592834198,-0.291426629184672,0.741377018684963,1.07596081892536,-2.49155884314231,1.05066338462612,1.25908284489122,-0.198684090823282
-1.16174161626796,-0.286379937438933,-0.184306436609555,0.325911543390723,-0.0611159958631387,-1.77911401105192,-3.62806391781362,-3.4167868488782,-6.85826551962097,-3.12665915285435,-5.20943143424458,-8.36385386551018
-2.01164391960478,-1.05122572374098,0.121191617918341,0.417816011139502,4.15329808640968,2.18050463981658,2.35323472851603,1.34696809308905,-0.0550832487485495,-0.382163920960971,-1.72539605123853,2.47857087460262
2.82092683142372,1.25558099895694,1.14714045050784,-0.17888044839731,1.03613707509445,1.436891477463,0.450101505580089,-2.05530053030886,-2.46502048970293,2.41107105001023,2.10546517302951,5.15569279811161
-1.1312896139858,-0.4091952173158,0.101637657105251,-1.66847820259721,-0.0697793174571452,-0.15059986282839,-4.79148303288975,-5.88183855233521,3.35081232558055,0.901817142691521,-0.0659971865482924,-2.39643818944371
2.00377698961385,1.56621807181204,-1.32744666825672,-0.512259848792396,-0.0150131788816367,0.0283464188169762,1.90307326588335,1.56503930729428,-0.187312493392397,1.1426832760815,-0.820063336574872,-3.40025104844618
-3.04402333647854,-0.458013263129642,-1.67091242033022,0.493384588463909,-1.8149161754687,-0.276205744451998,-0.302772557780913,-1.4277566647473,4.35473480201377,2.12367019776207,-4.41217237929382,-1.32361057760316
-2.97967113311207,-0.843185126375307,-0.672470705629594,0.725290414445501,-1.24290834697579,-0.531610552128891,-1.06273864696752,-1.66877247292729,-0.446343806533091,-1.04089646829612,-0.0616316516453013,-0.663702973659578
-0.482937151645452,-0.972662035890426,1.67306595020774,0.446855100526866,3.10639797693467,0.93853615622038,3.32162746621599,2.25492177235932,1.14445675238965,2.99218339581407,-0.491391445114996,-1.96100724804486
-1.21374971281386,-0.262592157499697,2.00325735260808,-1.7259153733933,-2.40687107481504,-2.45722915222249,-1.45719485817542,-2.10653643622248,1.77330229254115,0.4726793341817,0.330821380855739,-3.02272438440939
-1.45035903278297,-0.903783258457052,0.980517846282907,1.29030854012425,-0.651565107247318,1.18924439688585,5.52515137945076,-2.13772799345549,2.10474759243013,0.00332778564853892,-0.113707832132629,1.67082640290185
-0.184278283329018,-0.702082639298875,0.048863727299958,-0.918485622439895,-2.19215646515937,0.243572279707755,-2.15796889163408,-0.764585902580979,1.96312285995535,-1.74468800142877,-0.124884544367655,-4.16955500525416
-0.70956896831257,-0.698620079445538,2.87724722102248,1.14098167625644,-2.41110012870095,-0.762998716626013,0.607350944004217,-1.22285364011548,1.23308815886781,0.421425867320959,4.43769569365801,0.317203066651526
-2.78319087707213,1.26431741135092,1.37087000395008,-0.551239710083356,-0.889793205237881,1.4013405040463,2.26751277834834,-2.80102391516549,-4.07812416050239,-2.5404904810711,1.27899564036092,-1.31316113484524
-5.21982285620255,-0.486875481943848,1.37055216169441,-2.61245866622629,2.17889688730087,-2.05214883173904,-1.07332795974171,-0.263111764484562,-3.88192758544366,-1.49225687683641,1.37859976656924,-2.30997386000606
-2.21674719427881,-1.93147754958717,-0.223823863166178,0.453987474015115,-1.59979362043608,-0.719108522733289,0.433200809460332,1.15804566737999,0.50583923430198,0.535294457562369,0.836050763363757,1.47253976553869
-2.61474599839224,1.31853379461698,3.31712589891897,0.855925665746082,2.94420453415676,4.37121902418504,4.77932613992549,2.52123954448216,-2.91020184240788,-2.45233975617464,-2.1999912501031,2.59696567896116
2.06184354217687,2.71853799352285,3.79786248346289,1.73903187287613,0.62898782777303,2.58576455041784,1.08611012818226,1.22357155814736,4.30646477032664,1.16671858439617,2.83785369644192,5.17796553070432
1.29241351167721,-0.807960363897651,2.31805072494871,1.08977156479089,-0.984615026198817,0.272629032175223,0.542821107285721,1.05562383523028,2.19197589821212,-1.88350906368497,-3.04810233506989,-1.9386018143312
-0.794490469320733,-2.09344844790835,-0.0199980695742653,-1.60341721630958,-0.243005040383862,-1.57235221126233,-2.55756868525355,-1.62311544989221,-1.24026727601005,-2.61514348981585,-1.19724825257876,-0.256392466149831
2.06553850732293,3.26680957495929,3.87162233486964,3.05498970383616,3.60404862750971,2.98289063379143,2.73013517110564,4.89848573767287,2.30130651036814,0.331001642917116,3.71236101377643,-1.36325795709127
-5.58338187037679,0.51432922782286,-4.20917494421636,-0.478981563720005,0.550683402421762,-0.181804178405117,-0.106463039626808,-0.680472523303633,3.93685263502874,-0.130172266558609,1.01368004623406,2.83547238685959
-0.436728171209581,0.690295620091671,-3.89873941010991,-0.519163190355527,0.444595260220558,2.41223421795628,3.71866650119609,-0.059833338490155,-2.15733151225243,-0.323816189557228,-1.02667208403321,-0.059494711045818
-0.756688922263532,1.93885443907548,2.13108068186227,2.29082784738863,-0.152527749979999,1.12799088846505,3.76091252914623,1.9835832847782,-0.55183300377296,1.61889650810199,3.50647797051872,5.51817207678556
2.06048576904335,-0.316746720869868,0.970615603855157,0.702608956035872,-0.827842023410008,0.0083467979092345,0.295871563373391,2.15012425769041,-1.98408734521654,-0.85945460011409,-5.76607147562041,-6.37086773875049
-2.01219076631266,1.39402125280115,0.200441885504508,0.946086488946709,1.01636146069698,1.1264884946696,-1.75395777013433,-0.642180977731391,-4.78355773403028,1.4767386412931,-1.92897393155358,-2.7337667854448
0.770241105561503,-0.760085753497845,-0.295924098192866,-1.1856420721699,1.04163037201935,0.636120433226195,-2.03450167429521,-2.10819868110686,2.97153454723862,-0.60589279885185,-1.18716214367792,-1.31559991599437
1.81006271490915,-0.904966420883539,1.88228521552628,2.10311806199076,0.0595327377370783,2.72714772146772,0.15277518085556,2.07344494299791,1.49320822918514,1.44372313113672,0.888934773475816,1.36795904331455
-0.634914265616774,0.727292310078648,-2.14412866826102,1.20165909149918,2.73712791149235,0.994070139387682,0.96154772516628,2.84494452371548,1.43846761862466,-1.51132210909402,0.0594780558237562,-1.87452656369655
-1.88908163321668,-2.52052421922291,-1.74982870795921,-0.518066922896937,-1.0708012906981,-1.50515611802841,-0.575594708082847,0.113005128887675,-3.46930735972788,-1.62437827844052,-0.528274914989959,0.567071550551027
-4.64051133819444,0.856487173456358,0.0880572601698315,-1.48691685569588,0.890736694090909,-1.25419580270769,-2.68499979539992,-2.04920485227593,-0.89443031672929,-1.6293698921141,1.12863623089594,-0.182399374553429
-0.743998741326969,-3.3708474883286,0.411427569445882,0.679113202614838,0.667672733777484,-0.340885445744694,3.52291761204683,-0.687664580024392,-0.680889135225231,1.48231963841957,0.64359484195878,1.1758764449138
-0.0697534468986601,-0.441314713331509,1.72966664979838,-1.14077265018013,-0.282612795189678,-1.76376137613417,-0.105229302893904,-0.354588589539327,1.75027667218419,1.27701792636429,3.17928374850853,4.23033259297975
-3.04394841869132,0.684140676947691,-1.86737057790662,-0.471435808170928,-2.8402165330388,-1.20293054968395,-1.98152042967374,0.134433343452548,-6.70886422584632,-0.642245963504603,-3.85192610184733,0.401157823760681
-2.24949330317701,-0.0485939049900282,-1.68312173208512,-0.197116796995286,-2.48762015717657,-4.27518365099608,-0.602536068974741,-1.2192793278817,-0.669284247526986,-0.670992048103219,1.36611424657935,-0.8382301829513
-1.40886141017754,-1.17178205494002,1.98725344840179,0.0011863164303417,-1.8492281344135,0.394658529204829,1.48046834279397,0.847907250984928,3.74374831200726,1.0689052179153,2.41440686175873,3.288147939202
-1.78716772158385,-1.67319381047163,2.29139286090966,0.121489883963603,0.8560050698185,0.0102495675807174,0.742936049871534,-1.38037340339063,3.3941338764551,-0.729166385888176,0.434282690090449,-0.711396272317185
-1.21368995945541,0.573608072963941,-1.10127053489968,1.36584947842284,2.77241110941401,1.87992526387507,3.6697336017829,-0.74053716592747,-0.733529806777236,-1.58480114960965,-0.024807211537259,5.10512762895704
0.106328805441723,-0.457381409254007,1.46344771428024,1.15575871388267,-1.23697183008827,3.78173589672195,0.613628530105318,0.475405981074944,-3.94640884730519,0.667578817853783,-0.996975312670351,-2.33279585723683
1.63814069746768,3.302230867939,3.58620889549234,2.98786631585097,2.44577906484952,2.38674264007612,3.09259259801052,3.08967579655726,0.472388507754635,-0.888186882867816,-1.06341878025373,-1.41075586954544
-1.33971910953803,-0.669146448311218,-0.646627262439966,0.919560708517873,-0.286350523145915,-1.05517700689129,0.905291063354382,3.42316565963874,1.32582644504297,-0.24786886875501,-2.43678418465399,-0.802093576748754
0.467604159815735,0.371672412641675,-1.83795764003578,-1.22800949661289,0.491014255147129,-2.61050281678349,-4.42899579136995,0.371213773662791,-2.31261557038059,-1.34568646011382,-2.31196506152527,-1.00496541332173
-2.30478627709242,-1.22125573414495,1.01262810959459,1.50107675519592,2.37549260731844,5.74258018058455,3.26536292228158,1.02031810389178,6.74702692660547,1.62258097561935,2.08556299689845,3.11483981598386
-2.68494959697829,-1.69130225814282,-3.25609184440472,-3.51210313417082,-3.02428133551697,-3.05607562372545,-5.90860004505103,-4.35036760396048,1.38428935463946,1.11298469982374,-0.406061561596246,0.0820002441012667
1.46362042609092,2.97337513649996,2.28410501967776,1.36667295192496,1.29912231693125,1.51788584602938,0.0616542067211543,1.87891653725441,-1.37217542139456,-1.03833840903237,-1.09438010948065,-0.150236117086759
3.1615038658833,1.0049676123916,1.38722056596436,2.37100270717467,2.74918541968479,4.4917094575734,3.06244554748758,3.56017161031194,0.826349975343119,0.847791623066418,1.79873274977083,2.71033453633099
3.82344963277785,-0.0513858474994595,1.67464859594188,0.665852476491439,1.76384002182217,2.19764961145777,0.48631524027259,2.39558210582438,-0.415497454799254,1.34210127787955,0.836369672350294,-0.238519832096202
0.213864496455297,-1.01389855753936,-0.426770949680196,-0.970721430252646,-1.66433250385126,-3.50364596416019,-1.5589514296424,-1.87204139435507,1.54536966262191,1.52157483959708,0.453858054371794,5.85508688264714
1.56880981359952,-0.320329236918331,2.54710693599204,-0.0367118026136255,-2.69244949028279,-3.57015439095654,-4.28980124712341,-2.2510935809301,-3.6659798234978,-2.46936564592519,-4.15564440513693,-2.50168303738744
-3.32617050531664,0.564290239296751,-3.7136656285454,-1.33210652656594,0.38879463935559,-0.0753042640331925,1.1927585274981,2.07586806688571,1.41750848674236,1.00929463040536,-0.0653782019706859,-0.23079809604652
-0.427828044494298,1.00294563074332,0.0269133803705114,0.528938663676914,0.520517269377506,0.763656957681157,-2.00712067386443,1.5878225195822,2.52707252181846,-2.64493119563337,-0.505647347302748,-2.05519846177427
-1.26216915551714,-1.05819958033121,0.796139002725848,0.723752886896634,0.30174703143007,-0.708839125898574,-1.48366512207668,-2.01794675324418,-0.342289515015557,3.63324761168194,1.85889820048541,-0.424275532867075
-1.18688782617925,-2.15042023263575,-2.11301835999992,0.21433442940948,-0.219823087139123,-1.53463469684977,0.297848098048484,0.227895444686747,-0.575701674811937,0.34057703799141,-4.07757677051992,-2.62153540824001
0.128987401142985,0.636888648176222,3.5845912943263,1.17689039130442,-0.545091464905152,0.240605677088732,2.46499150879403,2.78392445773105,-0.159523719638883,0.231127013596447,2.28051569139462,1.47088708349676
4.6706433726532,-0.979642340365957,0.143809780911764,1.15704953961962,2.18624896889151,0.469564778044514,-3.95052700429298,0.0327358020650458,3.11563988967796,2.37111691505463,4.59689854063652,3.43524495612625
-4.15219570583026,0.101431144030795,-0.604225085583254,-1.73884908945587,-1.86458508490202,-1.34781998751816,0.603734201622325,-0.56451546124432,0.321776546710406,0.521364712457227,-1.50758038685133,-2.21653639016797
-1.73233788436613,-0.311022912150703,-3.23971351697355,-0.370417759950355,-0.00189793830572987,-1.30677042965879,-0.9402844014898,-0.751382304675696,-3.11511240559872,-1.29896500340941,-1.03143147641172,-1.06268833387815
-1.99158304115031,-2.28986899337521,1.13372346820712,-0.60468835558156,-1.30821910074575,0.171981743859345,-2.29294056384022,1.22937474156115,-2.88598912323151,-3.05427503152229,-5.82255855416845,-1.76202499712586
0.396730350120122,-1.77277104621604,-3.8548979266334,-1.46330048223461,-1.3402065619726,1.80416853576864,-2.51032228548841,-0.340933113069539,-3.2409352014657,1.022915845229,0.0102064441709067,-1.54006349332132
-1.82778606004926,-0.389115414158472,-0.417695775331697,-0.269629519220799,-1.36767858857955,-0.34451292425971,-2.70312876001632,-3.72989761581254,-0.0296296597096423,0.156977928822364,-0.617103119461522,1.05899311743929
0.276053305773381,-2.96961411004659,0.0187940037501656,0.580507188544604,1.12014051242719,0.898677018087627,2.47230222360125,4.46158448122176,3.82351058459336,3.46546444439616,2.04629049711861,1.34272135794824
-0.377656331146002,1.03116490052346,-2.54925609001179,0.377633658269129,0.45356166094221,-0.848132177134296,1.35173705436179,0.610820599825206,0.793200721629787,0.653934925452859,3.38328323929809,2.03909603015945
-1.58113131200869,1.3953001032199,2.81496503524973,-1.6042702637103,-1.73997582834461,-2.80716744821446,-2.42155839629613,-0.340117522751052,-2.39361610644748,-2.03734174767767,-3.23907149045236,-5.92285382913027
0.126953296922267,-0.257591785952706,0.665169032930874,0.193826314249294,0.404187187256866,0.662731700296253,2.51623984373204,1.46442407889409,-1.57825011523565,-3.56244951078926,-3.22225464761034,0.148138015595067
1.22082403937532,2.89322144011194,3.2219463533079,1.97204914128099,0.927309682229399,2.67177140499165,4.606674595745,5.98765208707151,-0.746130074761239,2.60453286637923,-2.43719393720169,-1.10215408585325
2.13777201207896,-0.129698179024817,0.519737674074657,-0.277091811246036,-0.877425884371506,0.590456894602357,2.89086659354522,-0.467050226980382,0.0283493961725862,-1.26712182158884,3.2725510617461,-0.975347575834585
1.54917501188157,-0.598439849145706,0.398448227725213,1.58832089178373,1.27169434731156,3.03507034129769,1.37272654163366,1.98473022358122,-1.57877417368947,1.23323827986395,0.486229328552988,2.87065236828981
1.04604439854195,-1.98063915179554,-0.781453256667994,0.178418425081895,-0.771000499422795,-0.596153108120748,2.95500742467379,2.83014995421566,-2.15399847841577,-1.94795422213733,3.5944409266322,-2.58449218847686
-0.988316587504452,2.48887212072337,0.147263732170728,2.96191911816162,2.69058434156852,0.28899712983079,4.21956508408444,3.46183542477569,-1.32678793612043,0.150274536770313,-4.84699592867378,-1.03547563316261
1.46557663829399,0.646355671215979,1.18823577339794,1.37848903306292,1.71540375799641,1.29564845538747,5.12441909325031,3.432199791836,1.29118847438492,1.06640264641587,-0.997070958628133,1.23121893842893
-0.695369402268232,-1.16646106371859,-3.28515932943025,-1.25906427717332,-2.35064955286116,-1.05138049861069,-0.587807288443646,-2.3213612714522,-5.50284083846648,-1.41942612784762,-2.34999998487768,-2.98167070793922
0.897737430511154,-1.8438055348318,-2.11310834078804,-0.759779789677285,-0.518752013858127,1.55313346230678,0.00972207340255672,0.807377796929307,4.16492044157587,2.07331191183859,5.67871057108055,5.1377131320017
1.60022348078527,0.325833416106081,-0.325652825033093,-0.760441076756301,0.309840325346453,-1.42023550424475,-0.739336004770543,-0.469768851305856,-4.56386895970701,-3.23431619733238,-0.578840998050129,-3.36240625503905
-2.33325095188641,-1.51749150825211,1.7578712214939,-1.78899880228827,-0.196508286593689,-2.73375256433817,-3.4812871777028,-5.47146332284526,-1.23882575063609,1.03327175925994,1.83681216143468,-5.13873668421486
0.508498285674228,0.409746410400615,0.162905346236196,-2.57848099542253,-1.10312721996974,-0.0685075384414839,-3.54440997202363,-1.62887109587439,-3.50822713208147,0.295272701508928,-1.09416051463512,-2.81305772300587
3.17848121082482,0.497526783713526,3.324095524198,0.537266989473523,-1.53098721633393,-1.14527324732366,2.69259303294327,-0.28798774185806,-1.70812838710667,-0.445396834906224,-2.52540822864455,-6.53181380713303
1.9748279731667,2.27577642023669,-2.14206610111343,2.16420091199767,3.19357614229641,0.984499977203764,2.2987354136494,3.55224230174128,1.30547357064253,2.14433546025809,0.572343486891524,-0.143466456527323
-5.03293929389,-0.245747618847838,-2.69658785703689,-1.68753228966634,-0.70301752744949,-0.823551351400312,0.550410956281188,-1.23912010584003,-1.35744199951946,-4.05008115785126,-2.44877025333441,-5.08410167733677
3.55713568610024,1.36147744367773,1.83236525993885,0.218091050895932,-0.870605527919081,1.48090672522287,0.914709983104724,1.29638545353253,0.606062206359714,-1.83958426607762,0.432340326033672,2.56720283512642
-0.142161390119524,0.846036912666923,-1.33199809606195,-1.02281143605128,1.50630507359019,-0.142988206886115,0.473350102176609,1.25036967865882,3.70485601740871,0.456736710485628,1.61335368338348,-2.61665118837699
-1.51091452731037,-2.6719786236047,-5.57936636123721,-2.41769072061856,-0.729946071804829,-2.1433119583026,-1.06768991995403,-4.24607238170579,-4.27544656807762,-0.0525340589009964,2.57024433286469,2.29682110808753
-3.47794405349896,-2.99243264311194,0.270848888837997,-1.28617438673442,1.12197010289511,-2.84946091676015,-0.0340579823957534,1.23800992387046,0.624069539333865,0.604009538908453,1.19489262440196,0.574817606892063
0.0949648835357125,0.946996119335993,-0.689734420352701,0.634048180165108,-4.53183199977255,0.248747312315087,-2.06748734816275,-2.04855173927041,1.30992369464667,0.0762947005329605,0.346536357229668,1.09576123557207
-0.0256545301579128,0.820570736796051,1.86474626224188,-0.46581273584468,0.840408435822474,1.03098463473486,1.01655423395674,-1.7596917887952,0.879667337154343,-0.439926404160675,3.12125456945776,-1.45344576402054
2.79860618011186,2.78743699947719,2.97404322323685,1.17253570783107,0.74924618629422,0.246543440212952,1.78698602402761,0.659477412408814,5.10140924806911,1.56661562404139,-0.0648822826837763,1.21709285203574
2.42697709974911,2.63691737328882,0.985036391019687,3.19448771422746,-0.0562219183179875,1.88698192287136,3.69614692322456,5.56185053173813,-1.81275503942408,-0.302664373378794,5.30796851279848,5.6368862810518
-2.37964049201987,-1.28288116331487,-0.494857942107394,-1.19067258533314,-0.309864976932395,-0.345969916674513,0.373633917606162,2.27187061254684,-0.786180907293623,-3.34377716534013,-4.39902740751575,-1.04281657848771
-0.152727849523153,-1.64751599576709,0.754246499090492,0.869573017197974,-1.90534354410093,2.05169677813154,-0.243046921521101,-0.476079424923722,0.568302055450353,-0.10402672842393,3.0822584409301,0.942529738103238
0.834163738433884,-1.37258760688853,-3.0022814394384,-0.405192035075809,0.755978452885805,-1.34932633453358,0.202280172641704,-2.46024492031659,-0.565975866640152,-0.361148493582286,0.117196633232698,0.523587869531906
2.60041555339589,0.053004171018309,1.04503394695054,-0.248086388019689,0.490436327281142,-0.559781057274597,0.586710655686122,-0.690966421228785,1.83637893962763,1.23580852176893,0.132879286144099,2.24973921431374
1.65969950437548,0.851181044841361,1.15511986146133,-0.107155483594603,-1.23703152912591,0.553321141911162,2.94539364872608,-1.76077181123057,-3.28372566325931,1.00836323072431,0.943343030631991,-3.18367018092437
-2.80049218024109,-0.788732630633113,-0.135881011153246,-0.397274232330878,-2.75625434720431,-2.61763647901505,-1.67672318952677,-0.338142561233131,1.25122545141737,3.08174863051572,-1.04217101480405,2.03162700611959
2.43578492098112,-0.348306689541243,-1.20181570854166,0.276973207621644,0.147973053018815,-0.287664379474122,1.48711702431915,-1.28970578780881,-0.959676111007192,0.404706900856168,3.92488169623755,2.12154725830837
4.24414759198361,0.736504224398222,2.70515552214324,2.48069057000848,3.97001069043734,1.51742269173441,4.63066638558502,4.06966660721316,2.87011148123552,2.54991239842806,-0.984774247004491,0.328860391368812
0.589291176875286,0.371733474408524,1.11556787780312,-2.26915184545111,-0.809709309276609,-3.86818912248046,-3.84871712073809,-2.54174630142068,0.659169052875709,1.09354861528607,-2.01643171057276,-0.0369237393798528
-0.131696620866342,3.69520841715516,2.71450056050317,2.51533269262182,2.03186298834288,3.01789622629523,2.98933463793572,0.455284209509655,1.64661159106684,-0.940235961021415,2.73628177361313,1.10528698454628
1.31280203646508,-1.83405987523908,-0.842311780582499,0.236993978855711,-1.78192023662057,-0.48866844639238,-3.41314163869649,-3.05587648114504,-0.0227973349827198,-1.64525320197787,-2.95969884043308,3.05871020035642
-1.88742367948877,-1.26005202965044,-0.81796827281075,-1.48372113301723,-2.48831669326562,0.7977155739503,-0.742594276698648,-0.824576650808327,3.61683968921755,1.69857907586499,-2.50888075926027,-3.79042786401596
-2.65006560987299,-1.93085465056856,-0.676313842638478,0.180156700345009,-1.35977282301569,0.967457772312009,-1.00868983057922,0.517693495234463,0.901073503449473,1.83815094726421,-1.81013991097049,-3.58056942090301
-0.183651356883842,1.7339748296832,0.474275265923167,0.85923993868766,2.30579910669684,2.92872543057509,0.88247857664275,1.91510900460493,4.71438740180494,3.10529892650926,3.48915198503916,3.00842831735738
-1.41193956769959,-2.34834212594976,3.84533676106241,-0.0353890425582741,0.415471832909117,-0.617935837603036,0.620155378875184,1.63073487374999,-4.97381929832899,-0.948977232004861,-1.33346257670664,0.627984014619529
2.24027503729274,-0.795454804682816,-0.370967777960287,-0.350924869208491,0.674985349541809,2.08756399243285,-3.92403369934798,0.973625243715807,1.89900304286994,1.79996420050114,0.142179161218583,-1.63521632386718
-0.704835582223109,0.609950760853112,0.0426792447401209,-0.284541551502539,-0.477030506104417,-3.3812217357411,-3.54121160346279,-2.9368874518533,0.567572676473553,-1.10747322600837,4.17115086835761,1.35642054358344
-2.19634337066484,-2.52172362807035,-1.63772271667852,-1.82168450014028,-4.55298473642104,-1.19301384534722,-7.61554443769687,-3.1005460002877,1.78891589969134,-0.896027204841827,0.381798723401952,-3.6545554739419
-1.60032733838197,1.57055287301234,1.02586132987586,0.18783264250319,1.79827825679469,2.68735699318807,1.49867301680551,2.60948255628839,-5.88764596062328,-2.43026526309295,-4.56138585810217,-5.1913299763413
0.748065278416687,0.484311753281555,-0.536487165998538,-0.0439951187060315,-2.15145562691002,0.86355358353199,-0.697423870730349,0.0216928422675988,0.251493977903732,2.08157581411458,0.769784551507894,0.502270780153875
-2.135107730887,-2.78017739804389,-1.08994926526208,-2.86424178406316,-1.51427069306247,-1.70227737183344,-4.43168434629641,-1.60714267134998,-3.72341860402024,-1.99641155410905,-3.42519146188996,1.91595647999691
0.712710083626795,-0.332542748569098,-2.27009799414906,-1.16974188991911,0.26137006728677,-1.07750381574204,2.06736803724049,-0.584910440339271,2.9776075474968,3.93954879449622,-1.09956638452742,4.02757073728753
1.06647729071756,-2.63652229445305,2.05830614285384,-0.470469279468573,-1.62166804672859,0.0526186647856561,-0.440490891407617,-0.431212489551328,-3.74349777169886,-0.0392487382911548,-0.296020728703519,0.601435292286126
-1.86702891961803,-1.34485649862891,1.16924890324972,0.842984315365417,-0.679587150764946,-0.579017462671644,2.51603667877817,-2.7600834643107,1.75510377169782,0.886245092966849,-0.163557720437578,1.77870483274005
-3.53887311841584,-1.72111371360478,-2.19838590604661,-1.75917328382885,-2.63049230707001,-1.96540478683972,-1.48165345296565,1.06352683820085,-2.30049153340493,-0.497732080453208,-2.13701147316677,-4.12937863281235
-1.22379889358199,-0.0410362632575786,-1.70166718195567,-2.28595113213732,1.46416506608979,1.01338173404048,0.135527830955369,0.997666412775294,2.91523608130581,-0.854402417329829,-0.153594634047697,0.2181645613703
2.8313190569103,-0.583219724650331,-0.602039483811175,1.30489108950489,0.052631289893813,1.14480182265713,0.649842084750326,1.48374641728154,-2.19162197609732,0.487414018789402,0.506279959015554,-1.55018326297829
1.32378598355887,-1.61054934265593,0.851476685929787,-1.08533140385559,-0.610707944848073,-1.32877090069452,-3.37799633813153,-2.11792420647615,0.589160907592387,0.639694461019886,0.444974512008017,0.662437180521427
1.70447503639958,1.77269943009495,-0.991845216195367,-0.990826198656251,1.31352120620872,-1.87009011025923,-1.35572276506929,-1.25899361727272,0.768441954750309,0.0484038054951175,-6.04268849671583,-3.36411342327171
2.56903483956665,-0.701461356218901,2.29327922660107,-0.351420457466932,1.38938232312081,0.0884522276452492,1.42879857928225,1.23172395628382,-1.1077851990584,-2.28352826266732,-1.72046588306207,0.870422608389346
1.43587292635502,0.410035099803654,-0.750689744811247,0.424473074172183,0.938443279771793,1.69473337010964,-1.91193414538912,-0.296483490661971,1.59936899390003,-0.0920340454378472,1.73152059650885,3.40519215236411
2.15781017475814,0.161835010826821,-0.434096755553931,0.645061804588078,1.43765771429722,0.874240596503229,-0.139316967132341,1.32584868676727,1.24545277417351,0.860512486786348,3.93375925095999,4.25560545938555
-2.87776073289173,-1.24914156655371,-0.126270933672121,0.56896129638444,-0.887581574304563,-1.42696254883043,0.650443377316598,-0.715569370925559,0.620574365762418,-2.96171718436468,-1.13762912524771,1.67268209499437
0.67487585292756,-0.382724060894544,0.361108348422542,0.968696639063397,0.280440146469846,2.36957139375045,0.560348553675645,2.79522741504223,1.04139608199799,1.91100009675772,0.738724539281891,0.351913222042547
3.79460352256992,-0.392782589085263,1.55369279234706,0.964807334553975,-1.26858963811427,-2.98528000400205,2.95058969843501,-1.50125531093455,2.98456094724362,-0.0693901422368578,-0.990066072896191,-2.6955719270256
-2.56866313291926,-0.80578462533549,-1.38650566013749,-4.03552160193954,0.608303512326957,-2.33517013362049,-4.01104210311404,-3.05232904271403,-1.95982746828134,-1.34613015444309,-1.5444413461658,-1.41238413789639
-0.0448365706576076,-0.697763134149775,1.49101065940591,1.21410012007674,2.09828403879902,1.5861865473264,1.35213053391758,3.52011723943074,4.41756603557378,0.195531277763094,1.84010130563745,2.82423780797042
-0.228375302697564,0.928337083388397,-0.519148610399844,-0.559596149361112,-2.02940205116452,0.395229079898951,0.387746686279542,-1.02170199723694,1.08645794014,0.297789498865335,4.0284198750159,2.11365669822707
0.769290375637884,0.423133544250449,2.07193471234711,-0.270490100744298,-1.19958919774485,-1.47221485652922,-3.40805518584375,-0.850693462551473,-0.393775435241463,0.290640512872161,0.547249861505462,2.95473708776052
0.0547564777027771,-0.140834031999573,0.0502760821080324,-0.888427518273572,-0.941033817292637,0.0264190699631169,0.0731246223228965,-2.7665373941925,-5.39336030383437,-1.4333013658649,-6.09427999718207,0.430035680491682
-0.162698107255926,2.0449853276546,1.56600490406612,0.80571390409386,0.813753743448502,0.851918434186382,1.86735302776054,1.91120620075541,-0.775381117873477,-3.22185860803421,-1.03859475209578,-0.498722056366533
-2.64366633928344,1.51006057386719,0.996577029655208,0.176655537339705,1.17571426529775,-0.300273641868264,3.77852897687269,-0.134158618536955,2.45804833263287,2.04553330530841,2.66408867762747,-0.162212482755666
4.79363396318816,0.46129563945014,-1.75887854880478,0.0378046380537525,0.866432699477366,-1.82976631029898,2.46661154962447,0.583097704830078,1.07197329395674,-0.610229347741015,-3.36810397271647,-2.41633312866119
-2.46287028038264,-1.0696807376717,1.72912723119175,-1.23562380305437,-1.31301379854685,-0.870887965034142,-0.409020905440024,2.07516676481691,-0.134769136761421,1.13267799646586,-0.0646490820839938,-2.11106447415187
1.80633373409399,0.607677578500781,4.27681379544269,1.58994094533935,1.20241917899289,0.490818278745895,0.41869930971387,1.39042483536118,1.60212788054812,1.83062360686384,1.54063466505392,1.01594971067595
1.13967815561475,1.93220588995823,3.04170807786066,0.162794555056777,-0.793233791095246,-0.0649105541966128,-4.03588274657176,-1.07386884498634,2.14063849834696,-0.290063712802542,0.237120794879997,-0.932777531845612
-1.02733355315873,-1.60574927209766,-2.69348263695472,-0.120553681109625,-4.05522172718094,-1.41066727232762,-1.34662373506425,-0.691651095913361,-4.31972221486655,-0.43408297839518,-1.39782065417436,-1.90554529686317
-0.584825182920888,-1.00016714839527,-0.973559833455478,-1.74766547312792,-1.91817869680984,-1.51823834348843,-3.23652004165864,-0.15882111575644,-4.80805695977558,0.800720816704398,0.00242813125336707,1.61827531170421
-0.398201180632007,-1.84560871252531,-0.4699105692133,-0.914640907914373,-1.53061639209888,-2.55598414686469,0.207336060639236,-0.21411383116503,-0.109315313408821,-2.48344231852607,-1.62477070029334,-1.69073470108447
4.60420998409054,2.7529862444123,0.379871082411771,1.64639886737482,-1.00200311147629,0.0193891334105606,0.73365831608435,-3.23219316501779,0.808067627587951,-3.08434992482933,-3.88647037139998,-1.90220626719106
-0.290956096363572,1.19287159028251,0.630883275610335,-0.0224962159795151,-0.56565095585165,0.537691186986279,-1.92288861909619,2.08076025730735,-2.19359003736054,1.59248571736347,2.60866694772312,1.0862874543189
0.162587071468142,-1.09488145152712,1.59763285157,-0.894717132752393,2.28628348371468,-0.139695786250441,2.32391511818295,-0.561852256901875,1.19235345784004,-0.055226066202339,1.31810305908904,1.75422676023705
-1.38741750067641,1.0033544700622,0.0676475686913977,0.89469761941724,-0.391907216191683,-0.372964826985362,-1.7871726906263,0.686185689442914,3.07701035297845,1.68233845067032,0.767300433222165,1.81855775786366
1.3359249649752,-1.52966270297574,-0.383601917229969,-2.01755476075481,-2.09759416924845,-1.70305923852112,-3.38519096969997,-1.97633981298703,0.962840719833585,-0.328497464016956,1.02928174586716,-2.17178775842773
-1.3584788696389,-1.25104688784545,-3.21203300516786,-2.37082113076161,-0.905872865520718,-2.23381996528937,-0.711075182730463,-3.80993900952954,-1.0101480998254,1.37668081418257,-3.12253142163792,0.474905890143263
0.949991629450548,3.01608707711933,6.66413113623829,4.00690910479274,1.25088046307894,1.18823429244225,1.27609785364507,1.35261711940759,3.19387703562887,0.553110523437715,3.23715918410633,2.03570762695651
1.92701392840413,0.580297680112241,4.86640845437833,1.50835296088485,2.26623930897668,1.27097118709188,5.0302902520462,-0.818421830296055,-5.1741575084728,1.80694320760137,-1.56885980538535,-2.20909505071989
0.454407803200333,1.31298864779274,-0.337805748274669,1.0685796086115,2.10847708902004,-1.17817085333366,1.69895990551436,2.12789829872098,-0.85563973236445,-1.88666971938113,2.53744127931899,-0.815916812763795
-2.48078536317071,-0.591816085604494,0.237483210499972,-0.334247959606504,1.33668522946939,-0.521104325571791,-5.37433218902329,-2.48109419191475,-2.15887833308614,1.64848520908914,0.410519757020641,-0.327589792670056
0.140074435370836,-1.1637131153506,-2.34475697795022,-1.56295377121229,-1.6462029797365,-0.628505318283681,-2.0823107409338,-0.40272077139106,-1.88018129059667,0.0103905313084244,-1.361702517884,-0.252003988894395
-1.00799897923,1.59044840483703,1.06499680510609,-0.526811052708473,-0.737783700422175,-0.478094706666172,1.22048236535574,2.97613157345242,3.5314120937486,2.45251070689014,3.733052587215,2.28088405191017
-0.32099434041068,-1.36669477965457,-1.98101119834076,1.89376686624697,1.75916224207781,-0.175681746562379,3.45803256884745,2.70682379956377,3.3830597264051,0.942530761092628,-0.845403701059999,-1.18655406413848
0.253073479925153,-1.66342839022368,1.14146089987435,-0.702265836811579,0.263939802414066,-0.812622800130414,-1.07298966867726,-0.394033505511076,-0.858204266055045,-2.60995899198519,-0.438807509096893,1.60685736271445
-3.09295904592592,0.616133668758726,-1.95975039425538,-1.2279839263067,1.60744132178127,-0.77162306283322,0.708386676807305,0.128698102143056,6.18126316410047,2.65208688987843,-2.29035320786246,2.48192735999111
0.847062707435137,1.80940302610711,-0.661601487125509,0.613721392947282,0.332596493920371,-0.832747721909661,-1.67671119509264,-2.67541876023343,-0.365475490859316,-0.549044834058979,5.90486058123096,0.593416730840117
-0.00817606531215918,-0.149076360235483,-2.3880578867895,-1.32657088067354,-2.36387142555288,-0.77450359440058,-2.17069663452828,-2.98357269100284,-0.649209264263609,-2.62435553474626,0.297230175696475,0.133835757257156
1.76848813433864,0.239210839008242,1.21576735792303,1.80330102319314,1.53819158385454,-0.344455463714133,4.24485729375011,1.24661739695317,0.0602639606072215,-1.79062188794001,-0.560559674445999,0.213501458028706
-0.653764290166467,-2.26316107969132,-1.26173859431818,-0.109600098150634,1.66350530647711,-0.115468976171025,2.88797191735553,1.60145861448282,-6.20507370601014,-3.78693409667173,-7.15186533478231,-8.92368138254439
-0.379194763933243,1.07226926990293,-2.36915648822003,-1.70307437221247,-3.75935201021428,-3.96204557303628,-3.36070557728534,-0.709131620032422,2.71957467039386,-2.05917089666949,-1.19002032759308,-0.452147217164421
1.15436797153376,0.886562392292784,3.13324865022466,0.363330204572376,-1.08898358149288,-0.919767222834141,-0.12372647073059,-4.25305683119515,1.63986117872993,-2.43240633665344,0.174028676694049,1.23000380346991
0.258718460911072,0.861011121743692,0.725837406153183,0.036020026998854,1.10905791225887,-0.191743104136299,-2.33496662403104,0.851498774493473,2.29797092614771,2.3415361991443,2.05809942321193,1.21780356172507
1.50948470228953,-0.260605834280132,-2.46682102375946,1.06954269809159,-1.36710179913535,-1.74638758776826,0.952873359025457,-2.55551968039794,-2.8033182330149,1.9071920156055,1.27172085023259,2.49760253809547
-2.11701390291656,-0.460421999012346,-0.868209624509345,-0.199603188260327,0.441290822301914,0.893388485779874,3.86851395193152,0.952295402349916,2.25410379340046,0.102496705158291,0.85436924211699,-1.69772550082572
2.43050864132145,0.172109897587357,2.15429612714441,2.00195036624825,0.831547257233699,0.48699086508249,0.403079049822252,-1.56361874295599,-4.00919434534139,-0.936926140268792,-1.89515059430686,0.50030775066129
-1.87146567963641,2.19448803982925,0.30229309857379,-0.863514996407126,0.30387490471917,-1.48847778085512,-3.30930800680282,-1.71543024368921,2.51578363519123,-2.31111665784049,0.345951109852579,2.17648865275065
-2.57976817887506,-1.75890788014578,0.106841315053338,1.09931776595591,1.06355814996918,1.26743071708853,3.19131128139416,1.74633826419546,-6.11827680092792,-3.14665059699629,-1.22838778444725,1.19764529357553
-0.198746874917972,-0.485030172852371,2.52441436155987,-0.378491683880113,-1.77013030216849,-0.29376242310176,-2.35983876361111,-0.635831616309144,-1.84070261600774,-1.58570281793914,-2.34351770082134,0.839272956381948
0.948091507851413,0.307924212079265,2.80894426500669,1.63549427862336,-0.0658984616882974,3.17241164039022,0.0491666046828623,1.19925713283439,2.89071599365764,0.721905421076984,-1.73754524750528,0.319745129547067
-2.79556860161277,2.45245535002976,-0.594629655394727,1.44997494831361,2.27456695430195,-0.0218894602730047,0.530611351542814,0.732794090383533,-1.343100887331,0.371519944410034,1.43361736799213,2.32868481822453
2.93651653942578,0.245413715614844,-1.85496213399095,-0.513043602175126,-0.650536773166676,-0.437894486070811,-0.491551330603474,0.947418327163784,-2.05104267537373,-1.33603951321045,2.27924476736651,-1.83526218769181
-0.795525038226076,-3.0121701724828,0.539150278808102,-1.06759423929773,-0.925253170588758,-0.244119875267431,0.620924559007974,0.512708737727219,1.87109000241658,4.08694873824677,1.53566605156782,2.6218700251643
-0.617075971055105,2.37132384610214,1.93047198036598,0.298134404453419,1.00647903184742,2.19570264994316,-3.96994196753804,-2.54996914132468,-3.46689252919869,1.92228475395713,3.86828898303504,-0.253398500724525
-2.29740434496924,-0.621105899172985,0.433012445886538,-1.34913602911571,0.353162886320829,-0.0978405276132486,0.298300752144887,-2.38860499908973,2.36160519844417,1.19543397609957,-2.83704061594786,-1.02733589821735
1.7996246595716,0.777208351202746,1.71504479441382,2.70901871109422,3.64111287085703,3.10398387820045,6.24156127339755,2.39754362756126,2.14120880962534,1.4776626611949,1.53455731393262,0.671083867840586
-0.186499998260132,0.647006489353026,1.84534143851506,-2.72696011920938,2.18282974202061,-0.0433223980707428,0.54485308459666,-3.82524462667377,-2.78953966189546,-2.36393874524275,-1.91056289943015,-4.38900690960808
-2.51324336633884,0.95034218673435,-4.33954195802478,-0.172857257854663,2.82577200538367,2.78982769768961,0.131985333187827,1.6688731357558,-6.5038873876806,-4.79965897272103,-3.61658786797775,-5.72283744158869
2.83538143554043,0.339487070078101,-3.35796811324468,-1.46421916967528,-3.83745515435318,1.28575257977032,-1.02726820287157,-1.48062153739426,0.254714018307372,-0.389687893495378,3.74119156300846,-0.708804446167471
-1.79084523530407,-2.88289183296058,-2.43850228515578,-2.91514766674208,-0.0245981702940992,-0.120778296340283,-3.35879202353699,-1.56722952158106,1.83991441763298,-0.36731639698304,-1.35866377354843,-2.59772093352179
2.50506697045911,3.28513823384039,-1.90602365585278,0.861809221565177,-0.493458664261579,-0.235387270822352,0.662180456467684,1.8293340989575,-1.58161341601604,0.00857196805886258,1.41847178951365,1.23777888626019
0.37695218206263,-0.638872342962276,-1.78957144416714,-0.000746089397297034,-2.81905792247946,-3.41565083663891,-2.75486904541246,-1.00762650780553,-1.64825115584784,1.8738547752601,2.05716133227688,0.371671470166931
-0.349349399042177,0.386323656371585,-0.524110390415146,-0.965445606768001,0.540029882012228,-1.7655889012252,-2.79471430015248,-1.10334148997928,-2.02795434715839,-2.03959227567211,-2.06065020140281,-3.7104961951114
-0.85469089298463,0.645326142381143,-2.1419151015705,0.219364801824509,-0.197652311907101,1.78695489055797,-1.18527387499196,0.606404196816632,-1.29154720334253,2.7849176151893,1.98712973414496,-0.425017895106729
2.04846331042081,0.505314958681612,-1.47695644841827,-1.09759380293458,-0.0481395913564572,-2.39220154186646,-1.06611256742407,-2.86013507809155,-3.32133341684405,-3.21049583651257,-6.20700951536983,-1.71804149350092
-1.36363715428098,-1.37114887455124,-3.61797286822862,-0.761762955639206,0.610001883004109,0.242283720356626,-1.69040283907741,0.659133967302252,-0.934076052828692,1.58435222369725,0.536375927212493,-2.55771281862358
3.16982449208762,-0.436605297513971,2.28384414290849,-0.0186577482915087,0.320944192835235,1.10525914272139,-1.3474187070226,3.28016524415395,-0.374819736813254,-0.341476982539999,1.70614029765619,1.06662773733367
-0.83713212536434,-0.50536521101272,0.776351824261025,0.373912234509187,-3.82215261498321,-0.57996535627462,1.15100280849032,0.842078426713032,-1.24102130806146,-0.523406182203483,1.57297844979265,2.19103120247722
0.24994038269109,1.08112343177803,-1.10019525914785,2.29123078733834,2.81461397804237,0.36132247474119,-0.953667759477121,-2.54918576809269,-2.51336049461223,-0.307779632214752,-3.094556441769,-1.09443724919149
1.87318104908791,0.823889334942695,0.498641489758084,0.128564154525949,-0.984099796403002,1.00922452068515,-0.594437853586548,1.68488465886751,4.94303572864889,0.242929413093418,2.05320288598482,2.34971582133624
-1.45126388157166,0.442269324310424,0.271235362237874,0.172710711111079,1.01192964571764,3.12732039925483,0.749869974406994,4.29339682784558,1.51978377707248,-1.80219937664976,-2.51176585639914,5.24428101049558
-0.914694741765263,-0.955000140379375,-0.383968992190149,-2.33953454121254,-1.83783716711675,-2.89440911475857,0.47736248999309,-5.94942065243354,-3.18673827078927,-2.48165234530892,-1.19912302087434,-2.88622928952904
0.36440422279601,-0.297236803034959,1.37826277253868,0.506913340990862,-0.393349056523176,1.48167425945373,-0.839968019121962,0.141796436013399,-1.22702839302881,0.698561040184083,-1.07104981278934,-1.87688011776533
-1.15250195808153,3.13637991896395,-1.08406088858346,-0.460892540372642,-1.13425088846651,-0.508980425861604,-4.85311836612908,-1.11746069699093,0.323444625571833,2.25081430897608,1.80911052410782,2.09137093818577
2.23812380185575,0.706774288585367,0.0218693134430947,0.047732796798334,0.0745243676653885,-0.161895187595748,1.66421030783272,-0.405375528813092,0.452362861247765,0.991388904232031,4.73490560767053,1.83656954924927
-0.0337765023705767,-0.961900688230384,0.657933483817924,-1.31252932166213,-1.3077823355702,-0.56769647426608,-2.30219356295917,-1.36414840537615,-2.81017362259674,-1.80049978928961,-0.805435977816964,1.73197010894332
2.34572790220776,0.81094653134625,-0.0282913549257342,0.886777076522687,2.35959258308722,-1.80440463168738,-0.526552470927923,1.75930748685892,3.6791841604122,-0.587707687504399,-0.171858627605572,-6.20380820213775
-2.37313564012933,-2.15194013970554,-2.17530008058169,-3.11911637246992,-2.462672343471,-3.75810172738577,-3.20213571949955,-3.88343447978377,-0.741268006578619,-2.73932684997203,-1.83216020746019,2.04571737762268
1.33092460053504,0.469813174348263,-0.80126045675222,0.58921813264455,0.558829236662911,0.510991282753847,3.20147484622458,-1.16499243372388,1.83596207264059,-0.268980766750347,2.72839130964941,2.72983908345444
0.671040986777229,-1.64766376601224,-1.52829412814567,-0.467817972879083,-0.40671114845404,3.94600174299434,1.09822064972412,1.59200638274693,-0.266986077209572,-0.646290775836319,1.24870756583972,-3.08584090317082
-0.363757327989373,0.958721229599413,-0.076087504339519,0.771931132688028,3.00963137336808,-1.57805121359161,-1.97273428356066,-2.15629553260596,2.16307204488624,-1.15480647414817,2.10852619947101,3.49075665098968
0.718998458289754,1.91413495784517,-0.568908955435061,-0.418321746839299,-3.24005996665483,-0.721516989530313,4.5713351636592,2.54530287703761,1.63685708539153,2.34843990926415,2.14499634777366,5.27095133355769
1.07057806312481,0.129346308984525,-0.487867622348872,1.90198247254413,-0.620093845806639,1.71761609853465,2.14537557380465,2.81288182154996,6.30354545233778,1.30858570384183,4.55528158990276,6.92343680883581
0.972751929092564,-2.35136733290092,-4.34836173484507,0.148244272025485,0.800459433835198,0.655693980640505,-0.207066458265509,3.57105006895817,-1.52514234287572,-1.23363137427367,-2.34163756609905,-5.86665129892246
-0.635483790054784,-0.788756375195565,1.70917014951249,-0.279434650538939,0.0441891018446665,-2.17210383909542,-0.0577016762853851,0.732755407790653,1.1986082169236,-1.44335038508532,3.99285997171214,-1.8643287770165
2.46082303545576,1.6932822582973,-1.30127527975001,2.73434212778794,3.67900410645153,3.26309942151091,4.20810500611751,3.89392491302468,1.1106859070685,2.94511064436123,5.61910493768874,3.30119605096943
0.154155269588945,3.15955903996314,1.87726643884113,1.37155142688127,-0.78598643619933,1.81977765223605,-2.08467139142738,-1.13790556956949,2.64060356846836,2.52118717662739,3.33329138583219,3.70810759772422
0.160726978239839,2.46460729519477,-0.810317885071001,0.993417333601395,-0.531531095330167,0.328943169554964,-0.0156410541994118,-1.06161961699212,-3.47375457835129,0.585655206856595,-3.55162368232434,-0.607353454494267
3.41473540429078,1.4700936895171,0.543353907035782,0.133777189057511,-3.45397580263787,-0.957405030623954,-1.15687283314175,-2.56676418813362,0.0643474857559803,1.14103346614687,1.54481338968498,1.92402753972969
0.733409941893482,-0.950948891560322,-1.63883898307537,-1.68890017431936,-4.12436266722767,-2.22136494992922,-0.62588842951669,-4.5973342615484,-2.68792704979107,-2.79757594306061,-7.06430073739983,-4.26145699141412
-0.700574507030713,2.42441621522217,0.266516416762397,0.932112288918464,-0.124121901289017,2.05936658438894,3.41516716385837,1.60029303012945,2.1103004128129,2.99489902240309,0.372164786857357,2.46555730491631
-3.96338709270544,-0.305652014429461,-0.166976683346657,-1.20935248146177,-0.572128759822851,-0.330126793118199,-0.0395268125267027,-3.12747524650253,1.98897291498303,0.681877444546056,-5.30022000344487,-2.27113903961308
-0.2670212318618,-2.24191430347949,-0.257015461541619,-0.594469395903373,-3.36358079644239,0.8435488460157,2.23153546130281,-1.68884745223421,0.968175764419923,-2.8985312165815,3.97040118658325,4.2675310506176
